ISO-10303-21;
HEADER;
/*Generated by software containing ST-Developer
 * from STEP Tools, Inc. (www.steptools.com) 
 */
/*OPTION: using custom renumber hook */
/*description */
/*implementation_level */
FILE_DESCRIPTION(('STEP AP242 Edition 2','STEP AP242 Edition 2''CAx-IF Rec.Pracs.---Representation and Presentation of Product Manufa
cturing Information (PMI)---4.0---2014-10-13','STEP AP242 Edition 2''CAx-IF Rec.Pracs.---Representation and Presentation of Product Manufa
cturing Information (PMI)---4.0---2014-10-13''CAx-IF Rec.Pracs.---3D Tessellated Geometry---0.4---2014-09-14','STEP AP242 Edition 2''CAx-IF Rec.Pracs.---Representation and Presentation of Product Manufa
cturing Information (PMI)---4.0---2014-10-13''CAx-IF Rec.Pracs.---3D Tessellated Geometry---0.4---2014-09-14''2;1','STEP AP242 Edition 2''CAx-IF Rec.Pracs.---Representation and Presentation of Product Manufa
cturing Information (PMI)---4.0---2014-10-13''CAx-IF Rec.Pracs.---3D Tessellated Geometry---0.4---2014-09-14''2;1''CAx-IF Rec.Pracs.---User Defined Attributes---1.5---2016-08-15'),'2;1');
/*name */
/*time_stamp */
/*author */
/*organization */
/*preprocessor_version */
/*originating_system */
/*authorisation */
FILE_NAME('/vol/tmp/translate-12452643560218908102/3D_PCB1_2026-05-05.step','2026-05-30T07:50:25',(''),(''),'ST-DEVELOPER v20','ONSHAPE BY PTC INC, 1.215','  ');
FILE_SCHEMA(('AP242_MANAGED_MODEL_BASED_3D_ENGINEERING_MIM_LF { 1 0 10303 442 3 1 4 }'));
ENDSEC;
DATA;
#10=OVER_RIDING_STYLED_ITEM('',(#2137),#2098,#2133);
#11=OVER_RIDING_STYLED_ITEM('',(#2138),#2099,#2133);
#12=OVER_RIDING_STYLED_ITEM('',(#2139),#2100,#2133);
#13=OVER_RIDING_STYLED_ITEM('',(#2140),#2101,#2133);
#14=OVER_RIDING_STYLED_ITEM('',(#2141),#2102,#2133);
#15=OVER_RIDING_STYLED_ITEM('',(#2142),#2103,#2133);
#16=OVER_RIDING_STYLED_ITEM('',(#2143),#2104,#2133);
#17=OVER_RIDING_STYLED_ITEM('',(#2144),#2105,#2133);
#18=OVER_RIDING_STYLED_ITEM('',(#2145),#2106,#2133);
#19=OVER_RIDING_STYLED_ITEM('',(#2146),#2107,#2133);
#20=OVER_RIDING_STYLED_ITEM('',(#2147),#2108,#2133);
#21=OVER_RIDING_STYLED_ITEM('',(#2148),#2109,#2133);
#22=OVER_RIDING_STYLED_ITEM('',(#2149),#2110,#2133);
#23=OVER_RIDING_STYLED_ITEM('',(#2150),#2111,#2133);
#24=OVER_RIDING_STYLED_ITEM('',(#2151),#2112,#2133);
#25=OVER_RIDING_STYLED_ITEM('',(#2152),#2113,#2133);
#26=OVER_RIDING_STYLED_ITEM('',(#2153),#2114,#2133);
#27=OVER_RIDING_STYLED_ITEM('',(#2154),#2115,#2133);
#28=OVER_RIDING_STYLED_ITEM('',(#2155),#2116,#2133);
#29=OVER_RIDING_STYLED_ITEM('',(#2156),#2117,#2133);
#30=OVER_RIDING_STYLED_ITEM('',(#2157),#2118,#2133);
#31=OVER_RIDING_STYLED_ITEM('',(#2158),#2119,#2133);
#32=OVER_RIDING_STYLED_ITEM('',(#2159),#2120,#2133);
#33=OVER_RIDING_STYLED_ITEM('',(#2160),#2121,#2133);
#34=COLOUR_RGB('',0.980392156862745,0.713725490196078,0.00392156862745098);
#35=SHAPE_REPRESENTATION_RELATIONSHIP('','',#2304,#38);
#36=SHAPE_REPRESENTATION_RELATIONSHIP('','',#2305,#39);
#37=SHAPE_REPRESENTATION_RELATIONSHIP('','',#2306,#40);
#38=ADVANCED_BREP_SHAPE_REPRESENTATION('',(#2298),#3638);
#39=ADVANCED_BREP_SHAPE_REPRESENTATION('',(#2299),#3639);
#40=ADVANCED_BREP_SHAPE_REPRESENTATION('',(#2300),#3640);
#41=CYLINDRICAL_SURFACE('',#2388,0.00175539105243401);
#42=CYLINDRICAL_SURFACE('',#2390,0.00175539105243401);
#43=CYLINDRICAL_SURFACE('',#2392,0.00177953318805774);
#44=CYLINDRICAL_SURFACE('',#2394,0.00187610173055266);
#45=CYLINDRICAL_SURFACE('',#2396,0.00194852813742386);
#46=CYLINDRICAL_SURFACE('',#2398,0.00194852813742386);
#47=CYLINDRICAL_SURFACE('',#2400,0.00194852813742386);
#48=CYLINDRICAL_SURFACE('',#2402,0.00194852813742386);
#49=CYLINDRICAL_SURFACE('',#2404,0.001127695526217);
#50=CYLINDRICAL_SURFACE('',#2406,0.00107941125496954);
#51=CYLINDRICAL_SURFACE('',#2408,0.001127695526217);
#52=CYLINDRICAL_SURFACE('',#2410,0.000910416305603429);
#53=CYLINDRICAL_SURFACE('',#2412,0.00177953318805774);
#54=CYLINDRICAL_SURFACE('',#2414,0.00177953318805774);
#55=CYLINDRICAL_SURFACE('',#2416,0.00194852813742386);
#56=CYLINDRICAL_SURFACE('',#2418,0.00185195959492894);
#57=CYLINDRICAL_SURFACE('',#2420,0.000789705627484774);
#58=CYLINDRICAL_SURFACE('',#2422,0.000982842712474617);
#59=CYLINDRICAL_SURFACE('',#2424,0.000982842712474624);
#60=CYLINDRICAL_SURFACE('',#2426,0.000982842712474622);
#61=CYLINDRICAL_SURFACE('',#2448,0.00240000508001);
#62=CYLINDRICAL_SURFACE('',#2451,0.00240000508001);
#63=CYLINDRICAL_SURFACE('',#2454,0.00240000508001);
#64=CYLINDRICAL_SURFACE('',#2457,0.00240000508001);
#65=CIRCLE('',#2309,0.000982842712474622);
#66=CIRCLE('',#2310,0.000982842712474624);
#67=CIRCLE('',#2311,0.000982842712474617);
#68=CIRCLE('',#2312,0.000789705627484774);
#69=CIRCLE('',#2314,0.000982842712474622);
#70=CIRCLE('',#2315,0.000789705627484774);
#71=CIRCLE('',#2316,0.000982842712474617);
#72=CIRCLE('',#2317,0.000982842712474624);
#73=CIRCLE('',#2319,0.00185195959492894);
#74=CIRCLE('',#2320,0.00177953318805774);
#75=CIRCLE('',#2321,0.00177953318805774);
#76=CIRCLE('',#2322,0.00194852813742386);
#77=CIRCLE('',#2324,0.00185195959492894);
#78=CIRCLE('',#2325,0.00194852813742386);
#79=CIRCLE('',#2326,0.00177953318805774);
#80=CIRCLE('',#2327,0.00177953318805774);
#81=CIRCLE('',#2329,0.00187610173055266);
#82=CIRCLE('',#2330,0.00175539105243401);
#83=CIRCLE('',#2331,0.00175539105243401);
#84=CIRCLE('',#2332,0.00177953318805774);
#85=CIRCLE('',#2333,0.00194852813742386);
#86=CIRCLE('',#2334,0.00194852813742386);
#87=CIRCLE('',#2335,0.00194852813742386);
#88=CIRCLE('',#2336,0.00194852813742386);
#89=CIRCLE('',#2337,0.000910416305603429);
#90=CIRCLE('',#2338,0.001127695526217);
#91=CIRCLE('',#2339,0.00107941125496954);
#92=CIRCLE('',#2340,0.001127695526217);
#93=CIRCLE('',#2342,0.00175539105243401);
#94=CIRCLE('',#2343,0.00187610173055266);
#95=CIRCLE('',#2344,0.00177953318805774);
#96=CIRCLE('',#2345,0.00175539105243401);
#97=CIRCLE('',#2346,0.00194852813742386);
#98=CIRCLE('',#2347,0.00194852813742386);
#99=CIRCLE('',#2348,0.00194852813742386);
#100=CIRCLE('',#2349,0.00194852813742386);
#101=CIRCLE('',#2350,0.001127695526217);
#102=CIRCLE('',#2351,0.000910416305603429);
#103=CIRCLE('',#2352,0.001127695526217);
#104=CIRCLE('',#2353,0.00107941125496954);
#105=CIRCLE('',#2443,0.00240000508001);
#106=CIRCLE('',#2444,0.00240000508001);
#107=CIRCLE('',#2445,0.00240000508001);
#108=CIRCLE('',#2446,0.00240000508001);
#109=CIRCLE('',#2449,0.00240000508001);
#110=CIRCLE('',#2452,0.00240000508001);
#111=CIRCLE('',#2455,0.00240000508001);
#112=CIRCLE('',#2458,0.00240000508001);
#113=ORIENTED_EDGE('',*,*,#697,.F.);
#114=ORIENTED_EDGE('',*,*,#698,.F.);
#115=ORIENTED_EDGE('',*,*,#699,.T.);
#116=ORIENTED_EDGE('',*,*,#700,.T.);
#117=ORIENTED_EDGE('',*,*,#701,.F.);
#118=ORIENTED_EDGE('',*,*,#702,.F.);
#119=ORIENTED_EDGE('',*,*,#703,.T.);
#120=ORIENTED_EDGE('',*,*,#704,.T.);
#121=ORIENTED_EDGE('',*,*,#705,.F.);
#122=ORIENTED_EDGE('',*,*,#706,.F.);
#123=ORIENTED_EDGE('',*,*,#707,.F.);
#124=ORIENTED_EDGE('',*,*,#708,.T.);
#125=ORIENTED_EDGE('',*,*,#709,.T.);
#126=ORIENTED_EDGE('',*,*,#710,.T.);
#127=ORIENTED_EDGE('',*,*,#711,.T.);
#128=ORIENTED_EDGE('',*,*,#712,.T.);
#129=ORIENTED_EDGE('',*,*,#713,.F.);
#130=ORIENTED_EDGE('',*,*,#714,.T.);
#131=ORIENTED_EDGE('',*,*,#715,.F.);
#132=ORIENTED_EDGE('',*,*,#716,.F.);
#133=ORIENTED_EDGE('',*,*,#717,.T.);
#134=ORIENTED_EDGE('',*,*,#718,.T.);
#135=ORIENTED_EDGE('',*,*,#719,.F.);
#136=ORIENTED_EDGE('',*,*,#720,.T.);
#137=ORIENTED_EDGE('',*,*,#721,.F.);
#138=ORIENTED_EDGE('',*,*,#722,.T.);
#139=ORIENTED_EDGE('',*,*,#723,.F.);
#140=ORIENTED_EDGE('',*,*,#724,.F.);
#141=ORIENTED_EDGE('',*,*,#725,.F.);
#142=ORIENTED_EDGE('',*,*,#726,.F.);
#143=ORIENTED_EDGE('',*,*,#727,.T.);
#144=ORIENTED_EDGE('',*,*,#728,.F.);
#145=ORIENTED_EDGE('',*,*,#729,.F.);
#146=ORIENTED_EDGE('',*,*,#730,.T.);
#147=ORIENTED_EDGE('',*,*,#731,.F.);
#148=ORIENTED_EDGE('',*,*,#732,.T.);
#149=ORIENTED_EDGE('',*,*,#733,.F.);
#150=ORIENTED_EDGE('',*,*,#734,.T.);
#151=ORIENTED_EDGE('',*,*,#735,.F.);
#152=ORIENTED_EDGE('',*,*,#736,.F.);
#153=ORIENTED_EDGE('',*,*,#737,.F.);
#154=ORIENTED_EDGE('',*,*,#738,.F.);
#155=ORIENTED_EDGE('',*,*,#739,.F.);
#156=ORIENTED_EDGE('',*,*,#740,.F.);
#157=ORIENTED_EDGE('',*,*,#741,.T.);
#158=ORIENTED_EDGE('',*,*,#742,.T.);
#159=ORIENTED_EDGE('',*,*,#743,.F.);
#160=ORIENTED_EDGE('',*,*,#744,.T.);
#161=ORIENTED_EDGE('',*,*,#745,.T.);
#162=ORIENTED_EDGE('',*,*,#746,.T.);
#163=ORIENTED_EDGE('',*,*,#747,.T.);
#164=ORIENTED_EDGE('',*,*,#748,.T.);
#165=ORIENTED_EDGE('',*,*,#749,.F.);
#166=ORIENTED_EDGE('',*,*,#750,.T.);
#167=ORIENTED_EDGE('',*,*,#751,.T.);
#168=ORIENTED_EDGE('',*,*,#752,.F.);
#169=ORIENTED_EDGE('',*,*,#753,.F.);
#170=ORIENTED_EDGE('',*,*,#754,.T.);
#171=ORIENTED_EDGE('',*,*,#755,.F.);
#172=ORIENTED_EDGE('',*,*,#756,.T.);
#173=ORIENTED_EDGE('',*,*,#757,.F.);
#174=ORIENTED_EDGE('',*,*,#758,.T.);
#175=ORIENTED_EDGE('',*,*,#759,.F.);
#176=ORIENTED_EDGE('',*,*,#760,.F.);
#177=ORIENTED_EDGE('',*,*,#761,.F.);
#178=ORIENTED_EDGE('',*,*,#762,.F.);
#179=ORIENTED_EDGE('',*,*,#763,.F.);
#180=ORIENTED_EDGE('',*,*,#764,.T.);
#181=ORIENTED_EDGE('',*,*,#765,.F.);
#182=ORIENTED_EDGE('',*,*,#766,.F.);
#183=ORIENTED_EDGE('',*,*,#767,.F.);
#184=ORIENTED_EDGE('',*,*,#768,.F.);
#185=ORIENTED_EDGE('',*,*,#769,.F.);
#186=ORIENTED_EDGE('',*,*,#770,.T.);
#187=ORIENTED_EDGE('',*,*,#771,.F.);
#188=ORIENTED_EDGE('',*,*,#772,.T.);
#189=ORIENTED_EDGE('',*,*,#773,.F.);
#190=ORIENTED_EDGE('',*,*,#774,.F.);
#191=ORIENTED_EDGE('',*,*,#775,.F.);
#192=ORIENTED_EDGE('',*,*,#776,.F.);
#193=ORIENTED_EDGE('',*,*,#777,.F.);
#194=ORIENTED_EDGE('',*,*,#778,.T.);
#195=ORIENTED_EDGE('',*,*,#779,.T.);
#196=ORIENTED_EDGE('',*,*,#780,.F.);
#197=ORIENTED_EDGE('',*,*,#781,.F.);
#198=ORIENTED_EDGE('',*,*,#782,.T.);
#199=ORIENTED_EDGE('',*,*,#783,.F.);
#200=ORIENTED_EDGE('',*,*,#784,.T.);
#201=ORIENTED_EDGE('',*,*,#785,.F.);
#202=ORIENTED_EDGE('',*,*,#786,.F.);
#203=ORIENTED_EDGE('',*,*,#787,.F.);
#204=ORIENTED_EDGE('',*,*,#788,.F.);
#205=ORIENTED_EDGE('',*,*,#789,.F.);
#206=ORIENTED_EDGE('',*,*,#790,.T.);
#207=ORIENTED_EDGE('',*,*,#791,.F.);
#208=ORIENTED_EDGE('',*,*,#792,.T.);
#209=ORIENTED_EDGE('',*,*,#793,.F.);
#210=ORIENTED_EDGE('',*,*,#794,.T.);
#211=ORIENTED_EDGE('',*,*,#795,.F.);
#212=ORIENTED_EDGE('',*,*,#796,.F.);
#213=ORIENTED_EDGE('',*,*,#797,.F.);
#214=ORIENTED_EDGE('',*,*,#798,.F.);
#215=ORIENTED_EDGE('',*,*,#799,.F.);
#216=ORIENTED_EDGE('',*,*,#800,.T.);
#217=ORIENTED_EDGE('',*,*,#801,.F.);
#218=ORIENTED_EDGE('',*,*,#802,.T.);
#219=ORIENTED_EDGE('',*,*,#803,.F.);
#220=ORIENTED_EDGE('',*,*,#804,.F.);
#221=ORIENTED_EDGE('',*,*,#805,.F.);
#222=ORIENTED_EDGE('',*,*,#806,.F.);
#223=ORIENTED_EDGE('',*,*,#807,.F.);
#224=ORIENTED_EDGE('',*,*,#808,.F.);
#225=ORIENTED_EDGE('',*,*,#809,.F.);
#226=ORIENTED_EDGE('',*,*,#810,.T.);
#227=ORIENTED_EDGE('',*,*,#811,.T.);
#228=ORIENTED_EDGE('',*,*,#812,.F.);
#229=ORIENTED_EDGE('',*,*,#706,.T.);
#230=ORIENTED_EDGE('',*,*,#813,.T.);
#231=ORIENTED_EDGE('',*,*,#814,.F.);
#232=ORIENTED_EDGE('',*,*,#815,.T.);
#233=ORIENTED_EDGE('',*,*,#816,.T.);
#234=ORIENTED_EDGE('',*,*,#817,.T.);
#235=ORIENTED_EDGE('',*,*,#818,.F.);
#236=ORIENTED_EDGE('',*,*,#704,.F.);
#237=ORIENTED_EDGE('',*,*,#819,.T.);
#238=ORIENTED_EDGE('',*,*,#820,.F.);
#239=ORIENTED_EDGE('',*,*,#717,.F.);
#240=ORIENTED_EDGE('',*,*,#821,.F.);
#241=ORIENTED_EDGE('',*,*,#822,.F.);
#242=ORIENTED_EDGE('',*,*,#823,.T.);
#243=ORIENTED_EDGE('',*,*,#824,.F.);
#244=ORIENTED_EDGE('',*,*,#825,.T.);
#245=ORIENTED_EDGE('',*,*,#781,.T.);
#246=ORIENTED_EDGE('',*,*,#826,.T.);
#247=ORIENTED_EDGE('',*,*,#741,.F.);
#248=ORIENTED_EDGE('',*,*,#827,.T.);
#249=ORIENTED_EDGE('',*,*,#828,.F.);
#250=ORIENTED_EDGE('',*,*,#829,.F.);
#251=ORIENTED_EDGE('',*,*,#698,.T.);
#252=ORIENTED_EDGE('',*,*,#830,.T.);
#253=ORIENTED_EDGE('',*,*,#808,.T.);
#254=ORIENTED_EDGE('',*,*,#831,.F.);
#255=ORIENTED_EDGE('',*,*,#816,.F.);
#256=ORIENTED_EDGE('',*,*,#832,.F.);
#257=ORIENTED_EDGE('',*,*,#702,.T.);
#258=ORIENTED_EDGE('',*,*,#833,.T.);
#259=ORIENTED_EDGE('',*,*,#834,.T.);
#260=ORIENTED_EDGE('',*,*,#835,.F.);
#261=ORIENTED_EDGE('',*,*,#729,.T.);
#262=ORIENTED_EDGE('',*,*,#836,.F.);
#263=ORIENTED_EDGE('',*,*,#753,.T.);
#264=ORIENTED_EDGE('',*,*,#837,.F.);
#265=ORIENTED_EDGE('',*,*,#838,.T.);
#266=ORIENTED_EDGE('',*,*,#839,.F.);
#267=ORIENTED_EDGE('',*,*,#840,.F.);
#268=ORIENTED_EDGE('',*,*,#841,.F.);
#269=ORIENTED_EDGE('',*,*,#842,.T.);
#270=ORIENTED_EDGE('',*,*,#843,.T.);
#271=ORIENTED_EDGE('',*,*,#844,.T.);
#272=ORIENTED_EDGE('',*,*,#845,.F.);
#273=ORIENTED_EDGE('',*,*,#833,.F.);
#274=ORIENTED_EDGE('',*,*,#701,.T.);
#275=ORIENTED_EDGE('',*,*,#846,.T.);
#276=ORIENTED_EDGE('',*,*,#847,.F.);
#277=ORIENTED_EDGE('',*,*,#834,.F.);
#278=ORIENTED_EDGE('',*,*,#845,.T.);
#279=ORIENTED_EDGE('',*,*,#848,.F.);
#280=ORIENTED_EDGE('',*,*,#730,.F.);
#281=ORIENTED_EDGE('',*,*,#835,.T.);
#282=ORIENTED_EDGE('',*,*,#847,.T.);
#283=ORIENTED_EDGE('',*,*,#849,.F.);
#284=ORIENTED_EDGE('',*,*,#754,.F.);
#285=ORIENTED_EDGE('',*,*,#836,.T.);
#286=ORIENTED_EDGE('',*,*,#728,.T.);
#287=ORIENTED_EDGE('',*,*,#850,.F.);
#288=ORIENTED_EDGE('',*,*,#851,.F.);
#289=ORIENTED_EDGE('',*,*,#837,.T.);
#290=ORIENTED_EDGE('',*,*,#752,.T.);
#291=ORIENTED_EDGE('',*,*,#852,.T.);
#292=ORIENTED_EDGE('',*,*,#853,.F.);
#293=ORIENTED_EDGE('',*,*,#838,.F.);
#294=ORIENTED_EDGE('',*,*,#851,.T.);
#295=ORIENTED_EDGE('',*,*,#854,.F.);
#296=ORIENTED_EDGE('',*,*,#855,.F.);
#297=ORIENTED_EDGE('',*,*,#839,.T.);
#298=ORIENTED_EDGE('',*,*,#853,.T.);
#299=ORIENTED_EDGE('',*,*,#856,.F.);
#300=ORIENTED_EDGE('',*,*,#857,.F.);
#301=ORIENTED_EDGE('',*,*,#840,.T.);
#302=ORIENTED_EDGE('',*,*,#855,.T.);
#303=ORIENTED_EDGE('',*,*,#858,.F.);
#304=ORIENTED_EDGE('',*,*,#859,.F.);
#305=ORIENTED_EDGE('',*,*,#841,.T.);
#306=ORIENTED_EDGE('',*,*,#857,.T.);
#307=ORIENTED_EDGE('',*,*,#860,.T.);
#308=ORIENTED_EDGE('',*,*,#861,.F.);
#309=ORIENTED_EDGE('',*,*,#842,.F.);
#310=ORIENTED_EDGE('',*,*,#859,.T.);
#311=ORIENTED_EDGE('',*,*,#862,.F.);
#312=ORIENTED_EDGE('',*,*,#863,.F.);
#313=ORIENTED_EDGE('',*,*,#821,.T.);
#314=ORIENTED_EDGE('',*,*,#716,.T.);
#315=ORIENTED_EDGE('',*,*,#864,.F.);
#316=ORIENTED_EDGE('',*,*,#865,.F.);
#317=ORIENTED_EDGE('',*,*,#822,.T.);
#318=ORIENTED_EDGE('',*,*,#863,.T.);
#319=ORIENTED_EDGE('',*,*,#866,.T.);
#320=ORIENTED_EDGE('',*,*,#867,.F.);
#321=ORIENTED_EDGE('',*,*,#823,.F.);
#322=ORIENTED_EDGE('',*,*,#865,.T.);
#323=ORIENTED_EDGE('',*,*,#868,.F.);
#324=ORIENTED_EDGE('',*,*,#869,.F.);
#325=ORIENTED_EDGE('',*,*,#824,.T.);
#326=ORIENTED_EDGE('',*,*,#867,.T.);
#327=ORIENTED_EDGE('',*,*,#870,.T.);
#328=ORIENTED_EDGE('',*,*,#782,.F.);
#329=ORIENTED_EDGE('',*,*,#825,.F.);
#330=ORIENTED_EDGE('',*,*,#869,.T.);
#331=ORIENTED_EDGE('',*,*,#871,.T.);
#332=ORIENTED_EDGE('',*,*,#742,.F.);
#333=ORIENTED_EDGE('',*,*,#826,.F.);
#334=ORIENTED_EDGE('',*,*,#780,.T.);
#335=ORIENTED_EDGE('',*,*,#872,.T.);
#336=ORIENTED_EDGE('',*,*,#873,.F.);
#337=ORIENTED_EDGE('',*,*,#827,.F.);
#338=ORIENTED_EDGE('',*,*,#740,.T.);
#339=ORIENTED_EDGE('',*,*,#874,.F.);
#340=ORIENTED_EDGE('',*,*,#875,.F.);
#341=ORIENTED_EDGE('',*,*,#828,.T.);
#342=ORIENTED_EDGE('',*,*,#873,.T.);
#343=ORIENTED_EDGE('',*,*,#876,.F.);
#344=ORIENTED_EDGE('',*,*,#718,.F.);
#345=ORIENTED_EDGE('',*,*,#829,.T.);
#346=ORIENTED_EDGE('',*,*,#875,.T.);
#347=ORIENTED_EDGE('',*,*,#877,.T.);
#348=ORIENTED_EDGE('',*,*,#699,.F.);
#349=ORIENTED_EDGE('',*,*,#843,.F.);
#350=ORIENTED_EDGE('',*,*,#861,.T.);
#351=ORIENTED_EDGE('',*,*,#715,.T.);
#352=ORIENTED_EDGE('',*,*,#876,.T.);
#353=ORIENTED_EDGE('',*,*,#874,.T.);
#354=ORIENTED_EDGE('',*,*,#872,.F.);
#355=ORIENTED_EDGE('',*,*,#739,.T.);
#356=ORIENTED_EDGE('',*,*,#871,.F.);
#357=ORIENTED_EDGE('',*,*,#779,.F.);
#358=ORIENTED_EDGE('',*,*,#870,.F.);
#359=ORIENTED_EDGE('',*,*,#868,.T.);
#360=ORIENTED_EDGE('',*,*,#866,.F.);
#361=ORIENTED_EDGE('',*,*,#864,.T.);
#362=ORIENTED_EDGE('',*,*,#862,.T.);
#363=ORIENTED_EDGE('',*,*,#700,.F.);
#364=ORIENTED_EDGE('',*,*,#877,.F.);
#365=ORIENTED_EDGE('',*,*,#860,.F.);
#366=ORIENTED_EDGE('',*,*,#858,.T.);
#367=ORIENTED_EDGE('',*,*,#856,.T.);
#368=ORIENTED_EDGE('',*,*,#854,.T.);
#369=ORIENTED_EDGE('',*,*,#852,.F.);
#370=ORIENTED_EDGE('',*,*,#850,.T.);
#371=ORIENTED_EDGE('',*,*,#751,.F.);
#372=ORIENTED_EDGE('',*,*,#849,.T.);
#373=ORIENTED_EDGE('',*,*,#727,.F.);
#374=ORIENTED_EDGE('',*,*,#848,.T.);
#375=ORIENTED_EDGE('',*,*,#846,.F.);
#376=ORIENTED_EDGE('',*,*,#844,.F.);
#377=ORIENTED_EDGE('',*,*,#813,.F.);
#378=ORIENTED_EDGE('',*,*,#705,.T.);
#379=ORIENTED_EDGE('',*,*,#820,.T.);
#380=ORIENTED_EDGE('',*,*,#878,.F.);
#381=ORIENTED_EDGE('',*,*,#879,.F.);
#382=ORIENTED_EDGE('',*,*,#830,.F.);
#383=ORIENTED_EDGE('',*,*,#697,.T.);
#384=ORIENTED_EDGE('',*,*,#832,.T.);
#385=ORIENTED_EDGE('',*,*,#880,.T.);
#386=ORIENTED_EDGE('',*,*,#703,.F.);
#387=ORIENTED_EDGE('',*,*,#809,.T.);
#388=ORIENTED_EDGE('',*,*,#879,.T.);
#389=ORIENTED_EDGE('',*,*,#812,.T.);
#390=ORIENTED_EDGE('',*,*,#878,.T.);
#391=ORIENTED_EDGE('',*,*,#819,.F.);
#392=ORIENTED_EDGE('',*,*,#880,.F.);
#393=ORIENTED_EDGE('',*,*,#815,.F.);
#394=ORIENTED_EDGE('',*,*,#881,.F.);
#395=ORIENTED_EDGE('',*,*,#814,.T.);
#396=ORIENTED_EDGE('',*,*,#882,.F.);
#397=ORIENTED_EDGE('',*,*,#810,.F.);
#398=ORIENTED_EDGE('',*,*,#881,.T.);
#399=ORIENTED_EDGE('',*,*,#818,.T.);
#400=ORIENTED_EDGE('',*,*,#883,.F.);
#401=ORIENTED_EDGE('',*,*,#811,.F.);
#402=ORIENTED_EDGE('',*,*,#882,.T.);
#403=ORIENTED_EDGE('',*,*,#817,.F.);
#404=ORIENTED_EDGE('',*,*,#831,.T.);
#405=ORIENTED_EDGE('',*,*,#807,.T.);
#406=ORIENTED_EDGE('',*,*,#883,.T.);
#407=ORIENTED_EDGE('',*,*,#884,.F.);
#408=ORIENTED_EDGE('',*,*,#784,.F.);
#409=ORIENTED_EDGE('',*,*,#885,.T.);
#410=ORIENTED_EDGE('',*,*,#756,.F.);
#411=ORIENTED_EDGE('',*,*,#757,.T.);
#412=ORIENTED_EDGE('',*,*,#885,.F.);
#413=ORIENTED_EDGE('',*,*,#783,.T.);
#414=ORIENTED_EDGE('',*,*,#886,.T.);
#415=ORIENTED_EDGE('',*,*,#886,.F.);
#416=ORIENTED_EDGE('',*,*,#790,.F.);
#417=ORIENTED_EDGE('',*,*,#887,.T.);
#418=ORIENTED_EDGE('',*,*,#758,.F.);
#419=ORIENTED_EDGE('',*,*,#759,.T.);
#420=ORIENTED_EDGE('',*,*,#887,.F.);
#421=ORIENTED_EDGE('',*,*,#789,.T.);
#422=ORIENTED_EDGE('',*,*,#888,.T.);
#423=ORIENTED_EDGE('',*,*,#760,.T.);
#424=ORIENTED_EDGE('',*,*,#888,.F.);
#425=ORIENTED_EDGE('',*,*,#788,.T.);
#426=ORIENTED_EDGE('',*,*,#889,.T.);
#427=ORIENTED_EDGE('',*,*,#761,.T.);
#428=ORIENTED_EDGE('',*,*,#889,.F.);
#429=ORIENTED_EDGE('',*,*,#787,.T.);
#430=ORIENTED_EDGE('',*,*,#890,.T.);
#431=ORIENTED_EDGE('',*,*,#762,.T.);
#432=ORIENTED_EDGE('',*,*,#890,.F.);
#433=ORIENTED_EDGE('',*,*,#786,.T.);
#434=ORIENTED_EDGE('',*,*,#891,.T.);
#435=ORIENTED_EDGE('',*,*,#755,.T.);
#436=ORIENTED_EDGE('',*,*,#891,.F.);
#437=ORIENTED_EDGE('',*,*,#785,.T.);
#438=ORIENTED_EDGE('',*,*,#884,.T.);
#439=ORIENTED_EDGE('',*,*,#892,.F.);
#440=ORIENTED_EDGE('',*,*,#792,.F.);
#441=ORIENTED_EDGE('',*,*,#893,.T.);
#442=ORIENTED_EDGE('',*,*,#764,.F.);
#443=ORIENTED_EDGE('',*,*,#765,.T.);
#444=ORIENTED_EDGE('',*,*,#893,.F.);
#445=ORIENTED_EDGE('',*,*,#791,.T.);
#446=ORIENTED_EDGE('',*,*,#894,.T.);
#447=ORIENTED_EDGE('',*,*,#766,.T.);
#448=ORIENTED_EDGE('',*,*,#894,.F.);
#449=ORIENTED_EDGE('',*,*,#798,.T.);
#450=ORIENTED_EDGE('',*,*,#895,.T.);
#451=ORIENTED_EDGE('',*,*,#767,.T.);
#452=ORIENTED_EDGE('',*,*,#895,.F.);
#453=ORIENTED_EDGE('',*,*,#797,.T.);
#454=ORIENTED_EDGE('',*,*,#896,.T.);
#455=ORIENTED_EDGE('',*,*,#768,.T.);
#456=ORIENTED_EDGE('',*,*,#896,.F.);
#457=ORIENTED_EDGE('',*,*,#796,.T.);
#458=ORIENTED_EDGE('',*,*,#897,.T.);
#459=ORIENTED_EDGE('',*,*,#769,.T.);
#460=ORIENTED_EDGE('',*,*,#897,.F.);
#461=ORIENTED_EDGE('',*,*,#795,.T.);
#462=ORIENTED_EDGE('',*,*,#898,.T.);
#463=ORIENTED_EDGE('',*,*,#898,.F.);
#464=ORIENTED_EDGE('',*,*,#794,.F.);
#465=ORIENTED_EDGE('',*,*,#899,.T.);
#466=ORIENTED_EDGE('',*,*,#770,.F.);
#467=ORIENTED_EDGE('',*,*,#763,.T.);
#468=ORIENTED_EDGE('',*,*,#899,.F.);
#469=ORIENTED_EDGE('',*,*,#793,.T.);
#470=ORIENTED_EDGE('',*,*,#892,.T.);
#471=ORIENTED_EDGE('',*,*,#900,.F.);
#472=ORIENTED_EDGE('',*,*,#800,.F.);
#473=ORIENTED_EDGE('',*,*,#901,.T.);
#474=ORIENTED_EDGE('',*,*,#772,.F.);
#475=ORIENTED_EDGE('',*,*,#773,.T.);
#476=ORIENTED_EDGE('',*,*,#901,.F.);
#477=ORIENTED_EDGE('',*,*,#799,.T.);
#478=ORIENTED_EDGE('',*,*,#902,.T.);
#479=ORIENTED_EDGE('',*,*,#774,.T.);
#480=ORIENTED_EDGE('',*,*,#902,.F.);
#481=ORIENTED_EDGE('',*,*,#806,.T.);
#482=ORIENTED_EDGE('',*,*,#903,.T.);
#483=ORIENTED_EDGE('',*,*,#775,.T.);
#484=ORIENTED_EDGE('',*,*,#903,.F.);
#485=ORIENTED_EDGE('',*,*,#805,.T.);
#486=ORIENTED_EDGE('',*,*,#904,.T.);
#487=ORIENTED_EDGE('',*,*,#776,.T.);
#488=ORIENTED_EDGE('',*,*,#904,.F.);
#489=ORIENTED_EDGE('',*,*,#804,.T.);
#490=ORIENTED_EDGE('',*,*,#905,.T.);
#491=ORIENTED_EDGE('',*,*,#777,.T.);
#492=ORIENTED_EDGE('',*,*,#905,.F.);
#493=ORIENTED_EDGE('',*,*,#803,.T.);
#494=ORIENTED_EDGE('',*,*,#906,.T.);
#495=ORIENTED_EDGE('',*,*,#906,.F.);
#496=ORIENTED_EDGE('',*,*,#802,.F.);
#497=ORIENTED_EDGE('',*,*,#907,.T.);
#498=ORIENTED_EDGE('',*,*,#778,.F.);
#499=ORIENTED_EDGE('',*,*,#771,.T.);
#500=ORIENTED_EDGE('',*,*,#907,.F.);
#501=ORIENTED_EDGE('',*,*,#801,.T.);
#502=ORIENTED_EDGE('',*,*,#900,.T.);
#503=ORIENTED_EDGE('',*,*,#908,.F.);
#504=ORIENTED_EDGE('',*,*,#743,.T.);
#505=ORIENTED_EDGE('',*,*,#909,.T.);
#506=ORIENTED_EDGE('',*,*,#732,.F.);
#507=ORIENTED_EDGE('',*,*,#733,.T.);
#508=ORIENTED_EDGE('',*,*,#909,.F.);
#509=ORIENTED_EDGE('',*,*,#750,.F.);
#510=ORIENTED_EDGE('',*,*,#910,.T.);
#511=ORIENTED_EDGE('',*,*,#910,.F.);
#512=ORIENTED_EDGE('',*,*,#749,.T.);
#513=ORIENTED_EDGE('',*,*,#911,.T.);
#514=ORIENTED_EDGE('',*,*,#734,.F.);
#515=ORIENTED_EDGE('',*,*,#735,.T.);
#516=ORIENTED_EDGE('',*,*,#911,.F.);
#517=ORIENTED_EDGE('',*,*,#748,.F.);
#518=ORIENTED_EDGE('',*,*,#912,.T.);
#519=ORIENTED_EDGE('',*,*,#736,.T.);
#520=ORIENTED_EDGE('',*,*,#912,.F.);
#521=ORIENTED_EDGE('',*,*,#747,.F.);
#522=ORIENTED_EDGE('',*,*,#913,.T.);
#523=ORIENTED_EDGE('',*,*,#737,.T.);
#524=ORIENTED_EDGE('',*,*,#913,.F.);
#525=ORIENTED_EDGE('',*,*,#746,.F.);
#526=ORIENTED_EDGE('',*,*,#914,.T.);
#527=ORIENTED_EDGE('',*,*,#738,.T.);
#528=ORIENTED_EDGE('',*,*,#914,.F.);
#529=ORIENTED_EDGE('',*,*,#745,.F.);
#530=ORIENTED_EDGE('',*,*,#915,.T.);
#531=ORIENTED_EDGE('',*,*,#731,.T.);
#532=ORIENTED_EDGE('',*,*,#915,.F.);
#533=ORIENTED_EDGE('',*,*,#744,.F.);
#534=ORIENTED_EDGE('',*,*,#908,.T.);
#535=ORIENTED_EDGE('',*,*,#707,.T.);
#536=ORIENTED_EDGE('',*,*,#916,.F.);
#537=ORIENTED_EDGE('',*,*,#720,.F.);
#538=ORIENTED_EDGE('',*,*,#917,.T.);
#539=ORIENTED_EDGE('',*,*,#918,.F.);
#540=ORIENTED_EDGE('',*,*,#721,.T.);
#541=ORIENTED_EDGE('',*,*,#916,.T.);
#542=ORIENTED_EDGE('',*,*,#714,.F.);
#543=ORIENTED_EDGE('',*,*,#713,.T.);
#544=ORIENTED_EDGE('',*,*,#919,.F.);
#545=ORIENTED_EDGE('',*,*,#722,.F.);
#546=ORIENTED_EDGE('',*,*,#918,.T.);
#547=ORIENTED_EDGE('',*,*,#920,.F.);
#548=ORIENTED_EDGE('',*,*,#723,.T.);
#549=ORIENTED_EDGE('',*,*,#919,.T.);
#550=ORIENTED_EDGE('',*,*,#712,.F.);
#551=ORIENTED_EDGE('',*,*,#921,.F.);
#552=ORIENTED_EDGE('',*,*,#724,.T.);
#553=ORIENTED_EDGE('',*,*,#920,.T.);
#554=ORIENTED_EDGE('',*,*,#711,.F.);
#555=ORIENTED_EDGE('',*,*,#922,.F.);
#556=ORIENTED_EDGE('',*,*,#725,.T.);
#557=ORIENTED_EDGE('',*,*,#921,.T.);
#558=ORIENTED_EDGE('',*,*,#710,.F.);
#559=ORIENTED_EDGE('',*,*,#923,.F.);
#560=ORIENTED_EDGE('',*,*,#726,.T.);
#561=ORIENTED_EDGE('',*,*,#922,.T.);
#562=ORIENTED_EDGE('',*,*,#709,.F.);
#563=ORIENTED_EDGE('',*,*,#917,.F.);
#564=ORIENTED_EDGE('',*,*,#719,.T.);
#565=ORIENTED_EDGE('',*,*,#923,.T.);
#566=ORIENTED_EDGE('',*,*,#708,.F.);
#567=ORIENTED_EDGE('',*,*,#924,.F.);
#568=ORIENTED_EDGE('',*,*,#925,.F.);
#569=ORIENTED_EDGE('',*,*,#926,.T.);
#570=ORIENTED_EDGE('',*,*,#927,.T.);
#571=ORIENTED_EDGE('',*,*,#928,.F.);
#572=ORIENTED_EDGE('',*,*,#929,.F.);
#573=ORIENTED_EDGE('',*,*,#930,.T.);
#574=ORIENTED_EDGE('',*,*,#925,.T.);
#575=ORIENTED_EDGE('',*,*,#931,.F.);
#576=ORIENTED_EDGE('',*,*,#932,.F.);
#577=ORIENTED_EDGE('',*,*,#933,.T.);
#578=ORIENTED_EDGE('',*,*,#929,.T.);
#579=ORIENTED_EDGE('',*,*,#934,.T.);
#580=ORIENTED_EDGE('',*,*,#935,.F.);
#581=ORIENTED_EDGE('',*,*,#936,.F.);
#582=ORIENTED_EDGE('',*,*,#932,.T.);
#583=ORIENTED_EDGE('',*,*,#937,.T.);
#584=ORIENTED_EDGE('',*,*,#938,.F.);
#585=ORIENTED_EDGE('',*,*,#939,.F.);
#586=ORIENTED_EDGE('',*,*,#935,.T.);
#587=ORIENTED_EDGE('',*,*,#940,.T.);
#588=ORIENTED_EDGE('',*,*,#941,.F.);
#589=ORIENTED_EDGE('',*,*,#942,.F.);
#590=ORIENTED_EDGE('',*,*,#938,.T.);
#591=ORIENTED_EDGE('',*,*,#943,.F.);
#592=ORIENTED_EDGE('',*,*,#944,.F.);
#593=ORIENTED_EDGE('',*,*,#945,.T.);
#594=ORIENTED_EDGE('',*,*,#941,.T.);
#595=ORIENTED_EDGE('',*,*,#946,.T.);
#596=ORIENTED_EDGE('',*,*,#947,.F.);
#597=ORIENTED_EDGE('',*,*,#948,.F.);
#598=ORIENTED_EDGE('',*,*,#944,.T.);
#599=ORIENTED_EDGE('',*,*,#949,.F.);
#600=ORIENTED_EDGE('',*,*,#950,.F.);
#601=ORIENTED_EDGE('',*,*,#951,.T.);
#602=ORIENTED_EDGE('',*,*,#947,.T.);
#603=ORIENTED_EDGE('',*,*,#952,.T.);
#604=ORIENTED_EDGE('',*,*,#953,.F.);
#605=ORIENTED_EDGE('',*,*,#954,.F.);
#606=ORIENTED_EDGE('',*,*,#950,.T.);
#607=ORIENTED_EDGE('',*,*,#955,.F.);
#608=ORIENTED_EDGE('',*,*,#956,.F.);
#609=ORIENTED_EDGE('',*,*,#957,.T.);
#610=ORIENTED_EDGE('',*,*,#953,.T.);
#611=ORIENTED_EDGE('',*,*,#958,.T.);
#612=ORIENTED_EDGE('',*,*,#959,.F.);
#613=ORIENTED_EDGE('',*,*,#960,.F.);
#614=ORIENTED_EDGE('',*,*,#956,.T.);
#615=ORIENTED_EDGE('',*,*,#961,.F.);
#616=ORIENTED_EDGE('',*,*,#962,.F.);
#617=ORIENTED_EDGE('',*,*,#963,.T.);
#618=ORIENTED_EDGE('',*,*,#959,.T.);
#619=ORIENTED_EDGE('',*,*,#964,.F.);
#620=ORIENTED_EDGE('',*,*,#927,.F.);
#621=ORIENTED_EDGE('',*,*,#965,.T.);
#622=ORIENTED_EDGE('',*,*,#962,.T.);
#623=ORIENTED_EDGE('',*,*,#966,.T.);
#624=ORIENTED_EDGE('',*,*,#967,.T.);
#625=ORIENTED_EDGE('',*,*,#968,.T.);
#626=ORIENTED_EDGE('',*,*,#969,.T.);
#627=ORIENTED_EDGE('',*,*,#926,.F.);
#628=ORIENTED_EDGE('',*,*,#930,.F.);
#629=ORIENTED_EDGE('',*,*,#933,.F.);
#630=ORIENTED_EDGE('',*,*,#936,.T.);
#631=ORIENTED_EDGE('',*,*,#939,.T.);
#632=ORIENTED_EDGE('',*,*,#942,.T.);
#633=ORIENTED_EDGE('',*,*,#945,.F.);
#634=ORIENTED_EDGE('',*,*,#948,.T.);
#635=ORIENTED_EDGE('',*,*,#951,.F.);
#636=ORIENTED_EDGE('',*,*,#954,.T.);
#637=ORIENTED_EDGE('',*,*,#957,.F.);
#638=ORIENTED_EDGE('',*,*,#960,.T.);
#639=ORIENTED_EDGE('',*,*,#963,.F.);
#640=ORIENTED_EDGE('',*,*,#965,.F.);
#641=ORIENTED_EDGE('',*,*,#924,.T.);
#642=ORIENTED_EDGE('',*,*,#964,.T.);
#643=ORIENTED_EDGE('',*,*,#961,.T.);
#644=ORIENTED_EDGE('',*,*,#958,.F.);
#645=ORIENTED_EDGE('',*,*,#955,.T.);
#646=ORIENTED_EDGE('',*,*,#952,.F.);
#647=ORIENTED_EDGE('',*,*,#949,.T.);
#648=ORIENTED_EDGE('',*,*,#946,.F.);
#649=ORIENTED_EDGE('',*,*,#943,.T.);
#650=ORIENTED_EDGE('',*,*,#940,.F.);
#651=ORIENTED_EDGE('',*,*,#937,.F.);
#652=ORIENTED_EDGE('',*,*,#934,.F.);
#653=ORIENTED_EDGE('',*,*,#931,.T.);
#654=ORIENTED_EDGE('',*,*,#928,.T.);
#655=ORIENTED_EDGE('',*,*,#969,.F.);
#656=ORIENTED_EDGE('',*,*,#970,.F.);
#657=ORIENTED_EDGE('',*,*,#970,.T.);
#658=ORIENTED_EDGE('',*,*,#968,.F.);
#659=ORIENTED_EDGE('',*,*,#971,.F.);
#660=ORIENTED_EDGE('',*,*,#971,.T.);
#661=ORIENTED_EDGE('',*,*,#967,.F.);
#662=ORIENTED_EDGE('',*,*,#972,.F.);
#663=ORIENTED_EDGE('',*,*,#972,.T.);
#664=ORIENTED_EDGE('',*,*,#966,.F.);
#665=ORIENTED_EDGE('',*,*,#973,.F.);
#666=ORIENTED_EDGE('',*,*,#973,.T.);
#667=ORIENTED_EDGE('',*,*,#974,.F.);
#668=ORIENTED_EDGE('',*,*,#975,.F.);
#669=ORIENTED_EDGE('',*,*,#976,.T.);
#670=ORIENTED_EDGE('',*,*,#977,.T.);
#671=ORIENTED_EDGE('',*,*,#978,.F.);
#672=ORIENTED_EDGE('',*,*,#979,.T.);
#673=ORIENTED_EDGE('',*,*,#975,.T.);
#674=ORIENTED_EDGE('',*,*,#980,.T.);
#675=ORIENTED_EDGE('',*,*,#981,.F.);
#676=ORIENTED_EDGE('',*,*,#982,.F.);
#677=ORIENTED_EDGE('',*,*,#977,.F.);
#678=ORIENTED_EDGE('',*,*,#983,.F.);
#679=ORIENTED_EDGE('',*,*,#984,.T.);
#680=ORIENTED_EDGE('',*,*,#985,.T.);
#681=ORIENTED_EDGE('',*,*,#983,.T.);
#682=ORIENTED_EDGE('',*,*,#976,.F.);
#683=ORIENTED_EDGE('',*,*,#979,.F.);
#684=ORIENTED_EDGE('',*,*,#986,.T.);
#685=ORIENTED_EDGE('',*,*,#985,.F.);
#686=ORIENTED_EDGE('',*,*,#987,.F.);
#687=ORIENTED_EDGE('',*,*,#981,.T.);
#688=ORIENTED_EDGE('',*,*,#988,.T.);
#689=ORIENTED_EDGE('',*,*,#982,.T.);
#690=ORIENTED_EDGE('',*,*,#988,.F.);
#691=ORIENTED_EDGE('',*,*,#980,.F.);
#692=ORIENTED_EDGE('',*,*,#974,.T.);
#693=ORIENTED_EDGE('',*,*,#984,.F.);
#694=ORIENTED_EDGE('',*,*,#986,.F.);
#695=ORIENTED_EDGE('',*,*,#978,.T.);
#696=ORIENTED_EDGE('',*,*,#987,.T.);
#697=EDGE_CURVE('',#989,#990,#1185,.T.);
#698=EDGE_CURVE('',#991,#989,#1186,.T.);
#699=EDGE_CURVE('',#991,#992,#1187,.T.);
#700=EDGE_CURVE('',#992,#993,#1188,.T.);
#701=EDGE_CURVE('',#994,#993,#1189,.T.);
#702=EDGE_CURVE('',#995,#994,#1190,.T.);
#703=EDGE_CURVE('',#995,#996,#1191,.T.);
#704=EDGE_CURVE('',#996,#997,#1192,.T.);
#705=EDGE_CURVE('',#998,#997,#1193,.T.);
#706=EDGE_CURVE('',#990,#998,#1194,.T.);
#707=EDGE_CURVE('',#999,#1000,#1195,.T.);
#708=EDGE_CURVE('',#999,#1001,#65,.T.);
#709=EDGE_CURVE('',#1001,#1002,#1196,.T.);
#710=EDGE_CURVE('',#1002,#1003,#66,.T.);
#711=EDGE_CURVE('',#1003,#1004,#1197,.T.);
#712=EDGE_CURVE('',#1004,#1005,#67,.T.);
#713=EDGE_CURVE('',#1006,#1005,#1198,.T.);
#714=EDGE_CURVE('',#1006,#1000,#68,.T.);
#715=EDGE_CURVE('',#1007,#1008,#1199,.T.);
#716=EDGE_CURVE('',#1009,#1007,#1200,.T.);
#717=EDGE_CURVE('',#1009,#1010,#1201,.T.);
#718=EDGE_CURVE('',#1010,#1008,#1202,.T.);
#719=EDGE_CURVE('',#1011,#1012,#69,.T.);
#720=EDGE_CURVE('',#1011,#1013,#1203,.T.);
#721=EDGE_CURVE('',#1014,#1013,#70,.T.);
#722=EDGE_CURVE('',#1014,#1015,#1204,.T.);
#723=EDGE_CURVE('',#1016,#1015,#71,.T.);
#724=EDGE_CURVE('',#1017,#1016,#1205,.T.);
#725=EDGE_CURVE('',#1018,#1017,#72,.T.);
#726=EDGE_CURVE('',#1012,#1018,#1206,.T.);
#727=EDGE_CURVE('',#1019,#1020,#1207,.T.);
#728=EDGE_CURVE('',#1021,#1020,#1208,.T.);
#729=EDGE_CURVE('',#1022,#1021,#1209,.T.);
#730=EDGE_CURVE('',#1022,#1019,#1210,.T.);
#731=EDGE_CURVE('',#1023,#1024,#73,.F.);
#732=EDGE_CURVE('',#1023,#1025,#1211,.T.);
#733=EDGE_CURVE('',#1026,#1025,#74,.F.);
#734=EDGE_CURVE('',#1026,#1027,#1212,.T.);
#735=EDGE_CURVE('',#1028,#1027,#75,.F.);
#736=EDGE_CURVE('',#1029,#1028,#1213,.T.);
#737=EDGE_CURVE('',#1030,#1029,#76,.F.);
#738=EDGE_CURVE('',#1024,#1030,#1214,.T.);
#739=EDGE_CURVE('',#1031,#1032,#1215,.T.);
#740=EDGE_CURVE('',#1033,#1031,#1216,.T.);
#741=EDGE_CURVE('',#1033,#1034,#1217,.T.);
#742=EDGE_CURVE('',#1034,#1032,#1218,.T.);
#743=EDGE_CURVE('',#1035,#1036,#1219,.T.);
#744=EDGE_CURVE('',#1035,#1037,#77,.F.);
#745=EDGE_CURVE('',#1037,#1038,#1220,.T.);
#746=EDGE_CURVE('',#1038,#1039,#78,.F.);
#747=EDGE_CURVE('',#1039,#1040,#1221,.T.);
#748=EDGE_CURVE('',#1040,#1041,#79,.F.);
#749=EDGE_CURVE('',#1042,#1041,#1222,.T.);
#750=EDGE_CURVE('',#1042,#1036,#80,.F.);
#751=EDGE_CURVE('',#1043,#1044,#1223,.T.);
#752=EDGE_CURVE('',#1045,#1044,#1224,.T.);
#753=EDGE_CURVE('',#1046,#1045,#1225,.T.);
#754=EDGE_CURVE('',#1046,#1043,#1226,.T.);
#755=EDGE_CURVE('',#1047,#1048,#81,.F.);
#756=EDGE_CURVE('',#1047,#1049,#1227,.T.);
#757=EDGE_CURVE('',#1050,#1049,#82,.F.);
#758=EDGE_CURVE('',#1050,#1051,#1228,.T.);
#759=EDGE_CURVE('',#1052,#1051,#83,.F.);
#760=EDGE_CURVE('',#1053,#1052,#1229,.T.);
#761=EDGE_CURVE('',#1054,#1053,#84,.F.);
#762=EDGE_CURVE('',#1048,#1054,#1230,.T.);
#763=EDGE_CURVE('',#1055,#1056,#85,.F.);
#764=EDGE_CURVE('',#1055,#1057,#1231,.T.);
#765=EDGE_CURVE('',#1058,#1057,#86,.F.);
#766=EDGE_CURVE('',#1059,#1058,#1232,.T.);
#767=EDGE_CURVE('',#1060,#1059,#87,.F.);
#768=EDGE_CURVE('',#1061,#1060,#1233,.T.);
#769=EDGE_CURVE('',#1062,#1061,#88,.F.);
#770=EDGE_CURVE('',#1062,#1056,#1234,.T.);
#771=EDGE_CURVE('',#1063,#1064,#89,.F.);
#772=EDGE_CURVE('',#1063,#1065,#1235,.T.);
#773=EDGE_CURVE('',#1066,#1065,#90,.F.);
#774=EDGE_CURVE('',#1067,#1066,#1236,.T.);
#775=EDGE_CURVE('',#1068,#1067,#91,.F.);
#776=EDGE_CURVE('',#1069,#1068,#1237,.T.);
#777=EDGE_CURVE('',#1070,#1069,#92,.F.);
#778=EDGE_CURVE('',#1070,#1064,#1238,.T.);
#779=EDGE_CURVE('',#1071,#1072,#1239,.T.);
#780=EDGE_CURVE('',#1073,#1072,#1240,.T.);
#781=EDGE_CURVE('',#1074,#1073,#1241,.T.);
#782=EDGE_CURVE('',#1074,#1071,#1242,.T.);
#783=EDGE_CURVE('',#1075,#1076,#93,.F.);
#784=EDGE_CURVE('',#1075,#1077,#1243,.T.);
#785=EDGE_CURVE('',#1078,#1077,#94,.F.);
#786=EDGE_CURVE('',#1079,#1078,#1244,.T.);
#787=EDGE_CURVE('',#1080,#1079,#95,.F.);
#788=EDGE_CURVE('',#1081,#1080,#1245,.T.);
#789=EDGE_CURVE('',#1082,#1081,#96,.F.);
#790=EDGE_CURVE('',#1082,#1076,#1246,.T.);
#791=EDGE_CURVE('',#1083,#1084,#97,.F.);
#792=EDGE_CURVE('',#1083,#1085,#1247,.T.);
#793=EDGE_CURVE('',#1086,#1085,#98,.F.);
#794=EDGE_CURVE('',#1086,#1087,#1248,.T.);
#795=EDGE_CURVE('',#1088,#1087,#99,.F.);
#796=EDGE_CURVE('',#1089,#1088,#1249,.T.);
#797=EDGE_CURVE('',#1090,#1089,#100,.F.);
#798=EDGE_CURVE('',#1084,#1090,#1250,.T.);
#799=EDGE_CURVE('',#1091,#1092,#101,.F.);
#800=EDGE_CURVE('',#1091,#1093,#1251,.T.);
#801=EDGE_CURVE('',#1094,#1093,#102,.F.);
#802=EDGE_CURVE('',#1094,#1095,#1252,.T.);
#803=EDGE_CURVE('',#1096,#1095,#103,.F.);
#804=EDGE_CURVE('',#1097,#1096,#1253,.T.);
#805=EDGE_CURVE('',#1098,#1097,#104,.F.);
#806=EDGE_CURVE('',#1092,#1098,#1254,.T.);
#807=EDGE_CURVE('',#1099,#1100,#1255,.T.);
#808=EDGE_CURVE('',#1101,#1099,#1256,.T.);
#809=EDGE_CURVE('',#1102,#1101,#1257,.T.);
#810=EDGE_CURVE('',#1102,#1103,#1258,.T.);
#811=EDGE_CURVE('',#1103,#1100,#1259,.T.);
#812=EDGE_CURVE('',#990,#1104,#1260,.T.);
#813=EDGE_CURVE('',#998,#1104,#1261,.T.);
#814=EDGE_CURVE('',#1105,#1106,#1262,.T.);
#815=EDGE_CURVE('',#1105,#1107,#1263,.T.);
#816=EDGE_CURVE('',#1107,#1108,#1264,.T.);
#817=EDGE_CURVE('',#1108,#1109,#1265,.T.);
#818=EDGE_CURVE('',#1106,#1109,#1266,.T.);
#819=EDGE_CURVE('',#996,#1110,#1267,.T.);
#820=EDGE_CURVE('',#997,#1110,#1268,.T.);
#821=EDGE_CURVE('',#1111,#1009,#1269,.T.);
#822=EDGE_CURVE('',#1112,#1111,#1270,.T.);
#823=EDGE_CURVE('',#1112,#1113,#1271,.T.);
#824=EDGE_CURVE('',#1114,#1113,#1272,.T.);
#825=EDGE_CURVE('',#1114,#1074,#1273,.T.);
#826=EDGE_CURVE('',#1073,#1034,#1274,.T.);
#827=EDGE_CURVE('',#1033,#1115,#1275,.T.);
#828=EDGE_CURVE('',#1116,#1115,#1276,.T.);
#829=EDGE_CURVE('',#1010,#1116,#1277,.T.);
#830=EDGE_CURVE('',#989,#1101,#1278,.T.);
#831=EDGE_CURVE('',#1108,#1099,#1279,.F.);
#832=EDGE_CURVE('',#995,#1107,#1280,.T.);
#833=EDGE_CURVE('',#994,#1117,#1281,.T.);
#834=EDGE_CURVE('',#1117,#1118,#1282,.T.);
#835=EDGE_CURVE('',#1022,#1118,#1283,.T.);
#836=EDGE_CURVE('',#1046,#1021,#1284,.T.);
#837=EDGE_CURVE('',#1119,#1045,#1285,.T.);
#838=EDGE_CURVE('',#1119,#1120,#1286,.T.);
#839=EDGE_CURVE('',#1121,#1120,#1287,.T.);
#840=EDGE_CURVE('',#1122,#1121,#1288,.T.);
#841=EDGE_CURVE('',#1123,#1122,#1289,.T.);
#842=EDGE_CURVE('',#1123,#1124,#1290,.T.);
#843=EDGE_CURVE('',#1124,#991,#1291,.T.);
#844=EDGE_CURVE('',#993,#1125,#1292,.T.);
#845=EDGE_CURVE('',#1117,#1125,#1293,.T.);
#846=EDGE_CURVE('',#1125,#1126,#1294,.T.);
#847=EDGE_CURVE('',#1118,#1126,#1295,.T.);
#848=EDGE_CURVE('',#1019,#1126,#1296,.T.);
#849=EDGE_CURVE('',#1043,#1020,#1297,.T.);
#850=EDGE_CURVE('',#1127,#1044,#1298,.T.);
#851=EDGE_CURVE('',#1119,#1127,#1299,.T.);
#852=EDGE_CURVE('',#1127,#1128,#1300,.T.);
#853=EDGE_CURVE('',#1120,#1128,#1301,.T.);
#854=EDGE_CURVE('',#1129,#1128,#1302,.T.);
#855=EDGE_CURVE('',#1121,#1129,#1303,.T.);
#856=EDGE_CURVE('',#1130,#1129,#1304,.T.);
#857=EDGE_CURVE('',#1122,#1130,#1305,.T.);
#858=EDGE_CURVE('',#1131,#1130,#1306,.T.);
#859=EDGE_CURVE('',#1123,#1131,#1307,.T.);
#860=EDGE_CURVE('',#1131,#1132,#1308,.T.);
#861=EDGE_CURVE('',#1124,#1132,#1309,.T.);
#862=EDGE_CURVE('',#1133,#1007,#1310,.T.);
#863=EDGE_CURVE('',#1111,#1133,#1311,.T.);
#864=EDGE_CURVE('',#1134,#1133,#1312,.T.);
#865=EDGE_CURVE('',#1112,#1134,#1313,.T.);
#866=EDGE_CURVE('',#1134,#1135,#1314,.T.);
#867=EDGE_CURVE('',#1113,#1135,#1315,.T.);
#868=EDGE_CURVE('',#1136,#1135,#1316,.T.);
#869=EDGE_CURVE('',#1114,#1136,#1317,.T.);
#870=EDGE_CURVE('',#1136,#1071,#1318,.T.);
#871=EDGE_CURVE('',#1072,#1032,#1319,.T.);
#872=EDGE_CURVE('',#1031,#1137,#1320,.T.);
#873=EDGE_CURVE('',#1115,#1137,#1321,.T.);
#874=EDGE_CURVE('',#1138,#1137,#1322,.T.);
#875=EDGE_CURVE('',#1116,#1138,#1323,.T.);
#876=EDGE_CURVE('',#1008,#1138,#1324,.T.);
#877=EDGE_CURVE('',#1132,#992,#1325,.T.);
#878=EDGE_CURVE('',#1104,#1110,#1326,.T.);
#879=EDGE_CURVE('',#1101,#990,#1327,.T.);
#880=EDGE_CURVE('',#1107,#996,#1328,.T.);
#881=EDGE_CURVE('',#1102,#1105,#1329,.T.);
#882=EDGE_CURVE('',#1103,#1106,#1330,.T.);
#883=EDGE_CURVE('',#1100,#1109,#1331,.T.);
#884=EDGE_CURVE('',#1077,#1047,#1332,.T.);
#885=EDGE_CURVE('',#1075,#1049,#1333,.T.);
#886=EDGE_CURVE('',#1076,#1050,#1334,.T.);
#887=EDGE_CURVE('',#1082,#1051,#1335,.T.);
#888=EDGE_CURVE('',#1081,#1052,#1336,.T.);
#889=EDGE_CURVE('',#1080,#1053,#1337,.T.);
#890=EDGE_CURVE('',#1079,#1054,#1338,.T.);
#891=EDGE_CURVE('',#1078,#1048,#1339,.T.);
#892=EDGE_CURVE('',#1085,#1055,#1340,.T.);
#893=EDGE_CURVE('',#1083,#1057,#1341,.T.);
#894=EDGE_CURVE('',#1084,#1058,#1342,.T.);
#895=EDGE_CURVE('',#1090,#1059,#1343,.T.);
#896=EDGE_CURVE('',#1089,#1060,#1344,.T.);
#897=EDGE_CURVE('',#1088,#1061,#1345,.T.);
#898=EDGE_CURVE('',#1087,#1062,#1346,.T.);
#899=EDGE_CURVE('',#1086,#1056,#1347,.T.);
#900=EDGE_CURVE('',#1093,#1063,#1348,.T.);
#901=EDGE_CURVE('',#1091,#1065,#1349,.T.);
#902=EDGE_CURVE('',#1092,#1066,#1350,.T.);
#903=EDGE_CURVE('',#1098,#1067,#1351,.T.);
#904=EDGE_CURVE('',#1097,#1068,#1352,.T.);
#905=EDGE_CURVE('',#1096,#1069,#1353,.T.);
#906=EDGE_CURVE('',#1095,#1070,#1354,.T.);
#907=EDGE_CURVE('',#1094,#1064,#1355,.T.);
#908=EDGE_CURVE('',#1035,#1023,#1356,.T.);
#909=EDGE_CURVE('',#1036,#1025,#1357,.T.);
#910=EDGE_CURVE('',#1042,#1026,#1358,.T.);
#911=EDGE_CURVE('',#1041,#1027,#1359,.T.);
#912=EDGE_CURVE('',#1040,#1028,#1360,.T.);
#913=EDGE_CURVE('',#1039,#1029,#1361,.T.);
#914=EDGE_CURVE('',#1038,#1030,#1362,.T.);
#915=EDGE_CURVE('',#1037,#1024,#1363,.T.);
#916=EDGE_CURVE('',#1013,#1000,#1364,.T.);
#917=EDGE_CURVE('',#1011,#999,#1365,.T.);
#918=EDGE_CURVE('',#1014,#1006,#1366,.T.);
#919=EDGE_CURVE('',#1015,#1005,#1367,.T.);
#920=EDGE_CURVE('',#1016,#1004,#1368,.T.);
#921=EDGE_CURVE('',#1017,#1003,#1369,.T.);
#922=EDGE_CURVE('',#1018,#1002,#1370,.T.);
#923=EDGE_CURVE('',#1012,#1001,#1371,.T.);
#924=EDGE_CURVE('',#1139,#1140,#1372,.T.);
#925=EDGE_CURVE('',#1141,#1139,#1373,.T.);
#926=EDGE_CURVE('',#1141,#1142,#1374,.T.);
#927=EDGE_CURVE('',#1142,#1140,#1375,.T.);
#928=EDGE_CURVE('',#1143,#1139,#1376,.T.);
#929=EDGE_CURVE('',#1144,#1143,#1377,.T.);
#930=EDGE_CURVE('',#1144,#1141,#1378,.T.);
#931=EDGE_CURVE('',#1145,#1143,#1379,.T.);
#932=EDGE_CURVE('',#1146,#1145,#1380,.T.);
#933=EDGE_CURVE('',#1146,#1144,#1381,.T.);
#934=EDGE_CURVE('',#1145,#1147,#1382,.T.);
#935=EDGE_CURVE('',#1148,#1147,#1383,.T.);
#936=EDGE_CURVE('',#1146,#1148,#1384,.T.);
#937=EDGE_CURVE('',#1147,#1149,#1385,.T.);
#938=EDGE_CURVE('',#1150,#1149,#1386,.T.);
#939=EDGE_CURVE('',#1148,#1150,#1387,.T.);
#940=EDGE_CURVE('',#1149,#1151,#1388,.T.);
#941=EDGE_CURVE('',#1152,#1151,#1389,.T.);
#942=EDGE_CURVE('',#1150,#1152,#1390,.T.);
#943=EDGE_CURVE('',#1153,#1151,#1391,.T.);
#944=EDGE_CURVE('',#1154,#1153,#1392,.T.);
#945=EDGE_CURVE('',#1154,#1152,#1393,.T.);
#946=EDGE_CURVE('',#1153,#1155,#1394,.T.);
#947=EDGE_CURVE('',#1156,#1155,#1395,.T.);
#948=EDGE_CURVE('',#1154,#1156,#1396,.T.);
#949=EDGE_CURVE('',#1157,#1155,#1397,.T.);
#950=EDGE_CURVE('',#1158,#1157,#1398,.T.);
#951=EDGE_CURVE('',#1158,#1156,#1399,.T.);
#952=EDGE_CURVE('',#1157,#1159,#1400,.T.);
#953=EDGE_CURVE('',#1160,#1159,#1401,.T.);
#954=EDGE_CURVE('',#1158,#1160,#1402,.T.);
#955=EDGE_CURVE('',#1161,#1159,#1403,.T.);
#956=EDGE_CURVE('',#1162,#1161,#1404,.T.);
#957=EDGE_CURVE('',#1162,#1160,#1405,.T.);
#958=EDGE_CURVE('',#1161,#1163,#1406,.T.);
#959=EDGE_CURVE('',#1164,#1163,#1407,.T.);
#960=EDGE_CURVE('',#1162,#1164,#1408,.T.);
#961=EDGE_CURVE('',#1165,#1163,#1409,.T.);
#962=EDGE_CURVE('',#1166,#1165,#1410,.T.);
#963=EDGE_CURVE('',#1166,#1164,#1411,.T.);
#964=EDGE_CURVE('',#1140,#1165,#1412,.T.);
#965=EDGE_CURVE('',#1142,#1166,#1413,.T.);
#966=EDGE_CURVE('',#1167,#1167,#105,.F.);
#967=EDGE_CURVE('',#1168,#1168,#106,.F.);
#968=EDGE_CURVE('',#1169,#1169,#107,.F.);
#969=EDGE_CURVE('',#1170,#1170,#108,.F.);
#970=EDGE_CURVE('',#1171,#1171,#109,.T.);
#971=EDGE_CURVE('',#1172,#1172,#110,.T.);
#972=EDGE_CURVE('',#1173,#1173,#111,.T.);
#973=EDGE_CURVE('',#1174,#1174,#112,.T.);
#974=EDGE_CURVE('',#1175,#1176,#1414,.T.);
#975=EDGE_CURVE('',#1177,#1175,#1415,.T.);
#976=EDGE_CURVE('',#1177,#1178,#1416,.T.);
#977=EDGE_CURVE('',#1178,#1176,#1417,.T.);
#978=EDGE_CURVE('',#1179,#1180,#1418,.T.);
#979=EDGE_CURVE('',#1179,#1177,#1419,.T.);
#980=EDGE_CURVE('',#1175,#1181,#1420,.T.);
#981=EDGE_CURVE('',#1180,#1181,#1421,.F.);
#982=EDGE_CURVE('',#1176,#1182,#1422,.T.);
#983=EDGE_CURVE('',#1183,#1178,#1423,.T.);
#984=EDGE_CURVE('',#1183,#1184,#1424,.T.);
#985=EDGE_CURVE('',#1184,#1182,#1425,.F.);
#986=EDGE_CURVE('',#1179,#1183,#1426,.T.);
#987=EDGE_CURVE('',#1180,#1184,#1427,.T.);
#988=EDGE_CURVE('',#1181,#1182,#1428,.T.);
#989=VERTEX_POINT('',#3037);
#990=VERTEX_POINT('',#3038);
#991=VERTEX_POINT('',#3040);
#992=VERTEX_POINT('',#3042);
#993=VERTEX_POINT('',#3044);
#994=VERTEX_POINT('',#3046);
#995=VERTEX_POINT('',#3048);
#996=VERTEX_POINT('',#3050);
#997=VERTEX_POINT('',#3052);
#998=VERTEX_POINT('',#3054);
#999=VERTEX_POINT('',#3057);
#1000=VERTEX_POINT('',#3058);
#1001=VERTEX_POINT('',#3060);
#1002=VERTEX_POINT('',#3062);
#1003=VERTEX_POINT('',#3064);
#1004=VERTEX_POINT('',#3066);
#1005=VERTEX_POINT('',#3068);
#1006=VERTEX_POINT('',#3070);
#1007=VERTEX_POINT('',#3074);
#1008=VERTEX_POINT('',#3075);
#1009=VERTEX_POINT('',#3077);
#1010=VERTEX_POINT('',#3079);
#1011=VERTEX_POINT('',#3082);
#1012=VERTEX_POINT('',#3083);
#1013=VERTEX_POINT('',#3085);
#1014=VERTEX_POINT('',#3087);
#1015=VERTEX_POINT('',#3089);
#1016=VERTEX_POINT('',#3091);
#1017=VERTEX_POINT('',#3093);
#1018=VERTEX_POINT('',#3095);
#1019=VERTEX_POINT('',#3099);
#1020=VERTEX_POINT('',#3100);
#1021=VERTEX_POINT('',#3102);
#1022=VERTEX_POINT('',#3104);
#1023=VERTEX_POINT('',#3107);
#1024=VERTEX_POINT('',#3108);
#1025=VERTEX_POINT('',#3110);
#1026=VERTEX_POINT('',#3112);
#1027=VERTEX_POINT('',#3114);
#1028=VERTEX_POINT('',#3116);
#1029=VERTEX_POINT('',#3118);
#1030=VERTEX_POINT('',#3120);
#1031=VERTEX_POINT('',#3124);
#1032=VERTEX_POINT('',#3125);
#1033=VERTEX_POINT('',#3127);
#1034=VERTEX_POINT('',#3129);
#1035=VERTEX_POINT('',#3132);
#1036=VERTEX_POINT('',#3133);
#1037=VERTEX_POINT('',#3135);
#1038=VERTEX_POINT('',#3137);
#1039=VERTEX_POINT('',#3139);
#1040=VERTEX_POINT('',#3141);
#1041=VERTEX_POINT('',#3143);
#1042=VERTEX_POINT('',#3145);
#1043=VERTEX_POINT('',#3149);
#1044=VERTEX_POINT('',#3150);
#1045=VERTEX_POINT('',#3152);
#1046=VERTEX_POINT('',#3154);
#1047=VERTEX_POINT('',#3157);
#1048=VERTEX_POINT('',#3158);
#1049=VERTEX_POINT('',#3160);
#1050=VERTEX_POINT('',#3162);
#1051=VERTEX_POINT('',#3164);
#1052=VERTEX_POINT('',#3166);
#1053=VERTEX_POINT('',#3168);
#1054=VERTEX_POINT('',#3170);
#1055=VERTEX_POINT('',#3173);
#1056=VERTEX_POINT('',#3174);
#1057=VERTEX_POINT('',#3176);
#1058=VERTEX_POINT('',#3178);
#1059=VERTEX_POINT('',#3180);
#1060=VERTEX_POINT('',#3182);
#1061=VERTEX_POINT('',#3184);
#1062=VERTEX_POINT('',#3186);
#1063=VERTEX_POINT('',#3189);
#1064=VERTEX_POINT('',#3190);
#1065=VERTEX_POINT('',#3192);
#1066=VERTEX_POINT('',#3194);
#1067=VERTEX_POINT('',#3196);
#1068=VERTEX_POINT('',#3198);
#1069=VERTEX_POINT('',#3200);
#1070=VERTEX_POINT('',#3202);
#1071=VERTEX_POINT('',#3206);
#1072=VERTEX_POINT('',#3207);
#1073=VERTEX_POINT('',#3209);
#1074=VERTEX_POINT('',#3211);
#1075=VERTEX_POINT('',#3214);
#1076=VERTEX_POINT('',#3215);
#1077=VERTEX_POINT('',#3217);
#1078=VERTEX_POINT('',#3219);
#1079=VERTEX_POINT('',#3221);
#1080=VERTEX_POINT('',#3223);
#1081=VERTEX_POINT('',#3225);
#1082=VERTEX_POINT('',#3227);
#1083=VERTEX_POINT('',#3230);
#1084=VERTEX_POINT('',#3231);
#1085=VERTEX_POINT('',#3233);
#1086=VERTEX_POINT('',#3235);
#1087=VERTEX_POINT('',#3237);
#1088=VERTEX_POINT('',#3239);
#1089=VERTEX_POINT('',#3241);
#1090=VERTEX_POINT('',#3243);
#1091=VERTEX_POINT('',#3246);
#1092=VERTEX_POINT('',#3247);
#1093=VERTEX_POINT('',#3249);
#1094=VERTEX_POINT('',#3251);
#1095=VERTEX_POINT('',#3253);
#1096=VERTEX_POINT('',#3255);
#1097=VERTEX_POINT('',#3257);
#1098=VERTEX_POINT('',#3259);
#1099=VERTEX_POINT('',#3263);
#1100=VERTEX_POINT('',#3264);
#1101=VERTEX_POINT('',#3266);
#1102=VERTEX_POINT('',#3268);
#1103=VERTEX_POINT('',#3270);
#1104=VERTEX_POINT('',#3274);
#1105=VERTEX_POINT('',#3278);
#1106=VERTEX_POINT('',#3279);
#1107=VERTEX_POINT('',#3281);
#1108=VERTEX_POINT('',#3283);
#1109=VERTEX_POINT('',#3285);
#1110=VERTEX_POINT('',#3289);
#1111=VERTEX_POINT('',#3293);
#1112=VERTEX_POINT('',#3295);
#1113=VERTEX_POINT('',#3297);
#1114=VERTEX_POINT('',#3299);
#1115=VERTEX_POINT('',#3303);
#1116=VERTEX_POINT('',#3305);
#1117=VERTEX_POINT('',#3311);
#1118=VERTEX_POINT('',#3313);
#1119=VERTEX_POINT('',#3317);
#1120=VERTEX_POINT('',#3319);
#1121=VERTEX_POINT('',#3321);
#1122=VERTEX_POINT('',#3323);
#1123=VERTEX_POINT('',#3325);
#1124=VERTEX_POINT('',#3327);
#1125=VERTEX_POINT('',#3331);
#1126=VERTEX_POINT('',#3335);
#1127=VERTEX_POINT('',#3343);
#1128=VERTEX_POINT('',#3347);
#1129=VERTEX_POINT('',#3351);
#1130=VERTEX_POINT('',#3355);
#1131=VERTEX_POINT('',#3359);
#1132=VERTEX_POINT('',#3363);
#1133=VERTEX_POINT('',#3367);
#1134=VERTEX_POINT('',#3371);
#1135=VERTEX_POINT('',#3375);
#1136=VERTEX_POINT('',#3379);
#1137=VERTEX_POINT('',#3387);
#1138=VERTEX_POINT('',#3391);
#1139=VERTEX_POINT('',#3494);
#1140=VERTEX_POINT('',#3495);
#1141=VERTEX_POINT('',#3497);
#1142=VERTEX_POINT('',#3499);
#1143=VERTEX_POINT('',#3503);
#1144=VERTEX_POINT('',#3505);
#1145=VERTEX_POINT('',#3509);
#1146=VERTEX_POINT('',#3511);
#1147=VERTEX_POINT('',#3515);
#1148=VERTEX_POINT('',#3517);
#1149=VERTEX_POINT('',#3521);
#1150=VERTEX_POINT('',#3523);
#1151=VERTEX_POINT('',#3527);
#1152=VERTEX_POINT('',#3529);
#1153=VERTEX_POINT('',#3533);
#1154=VERTEX_POINT('',#3535);
#1155=VERTEX_POINT('',#3539);
#1156=VERTEX_POINT('',#3541);
#1157=VERTEX_POINT('',#3545);
#1158=VERTEX_POINT('',#3547);
#1159=VERTEX_POINT('',#3551);
#1160=VERTEX_POINT('',#3553);
#1161=VERTEX_POINT('',#3557);
#1162=VERTEX_POINT('',#3559);
#1163=VERTEX_POINT('',#3563);
#1164=VERTEX_POINT('',#3565);
#1165=VERTEX_POINT('',#3569);
#1166=VERTEX_POINT('',#3571);
#1167=VERTEX_POINT('',#3578);
#1168=VERTEX_POINT('',#3580);
#1169=VERTEX_POINT('',#3582);
#1170=VERTEX_POINT('',#3584);
#1171=VERTEX_POINT('',#3588);
#1172=VERTEX_POINT('',#3592);
#1173=VERTEX_POINT('',#3596);
#1174=VERTEX_POINT('',#3600);
#1175=VERTEX_POINT('',#3605);
#1176=VERTEX_POINT('',#3606);
#1177=VERTEX_POINT('',#3608);
#1178=VERTEX_POINT('',#3610);
#1179=VERTEX_POINT('',#3614);
#1180=VERTEX_POINT('',#3615);
#1181=VERTEX_POINT('',#3618);
#1182=VERTEX_POINT('',#3622);
#1183=VERTEX_POINT('',#3624);
#1184=VERTEX_POINT('',#3626);
#1185=LINE('',#3036,#1429);
#1186=LINE('',#3039,#1430);
#1187=LINE('',#3041,#1431);
#1188=LINE('',#3043,#1432);
#1189=LINE('',#3045,#1433);
#1190=LINE('',#3047,#1434);
#1191=LINE('',#3049,#1435);
#1192=LINE('',#3051,#1436);
#1193=LINE('',#3053,#1437);
#1194=LINE('',#3055,#1438);
#1195=LINE('',#3056,#1439);
#1196=LINE('',#3061,#1440);
#1197=LINE('',#3065,#1441);
#1198=LINE('',#3069,#1442);
#1199=LINE('',#3073,#1443);
#1200=LINE('',#3076,#1444);
#1201=LINE('',#3078,#1445);
#1202=LINE('',#3080,#1446);
#1203=LINE('',#3084,#1447);
#1204=LINE('',#3088,#1448);
#1205=LINE('',#3092,#1449);
#1206=LINE('',#3096,#1450);
#1207=LINE('',#3098,#1451);
#1208=LINE('',#3101,#1452);
#1209=LINE('',#3103,#1453);
#1210=LINE('',#3105,#1454);
#1211=LINE('',#3109,#1455);
#1212=LINE('',#3113,#1456);
#1213=LINE('',#3117,#1457);
#1214=LINE('',#3121,#1458);
#1215=LINE('',#3123,#1459);
#1216=LINE('',#3126,#1460);
#1217=LINE('',#3128,#1461);
#1218=LINE('',#3130,#1462);
#1219=LINE('',#3131,#1463);
#1220=LINE('',#3136,#1464);
#1221=LINE('',#3140,#1465);
#1222=LINE('',#3144,#1466);
#1223=LINE('',#3148,#1467);
#1224=LINE('',#3151,#1468);
#1225=LINE('',#3153,#1469);
#1226=LINE('',#3155,#1470);
#1227=LINE('',#3159,#1471);
#1228=LINE('',#3163,#1472);
#1229=LINE('',#3167,#1473);
#1230=LINE('',#3171,#1474);
#1231=LINE('',#3175,#1475);
#1232=LINE('',#3179,#1476);
#1233=LINE('',#3183,#1477);
#1234=LINE('',#3187,#1478);
#1235=LINE('',#3191,#1479);
#1236=LINE('',#3195,#1480);
#1237=LINE('',#3199,#1481);
#1238=LINE('',#3203,#1482);
#1239=LINE('',#3205,#1483);
#1240=LINE('',#3208,#1484);
#1241=LINE('',#3210,#1485);
#1242=LINE('',#3212,#1486);
#1243=LINE('',#3216,#1487);
#1244=LINE('',#3220,#1488);
#1245=LINE('',#3224,#1489);
#1246=LINE('',#3228,#1490);
#1247=LINE('',#3232,#1491);
#1248=LINE('',#3236,#1492);
#1249=LINE('',#3240,#1493);
#1250=LINE('',#3244,#1494);
#1251=LINE('',#3248,#1495);
#1252=LINE('',#3252,#1496);
#1253=LINE('',#3256,#1497);
#1254=LINE('',#3260,#1498);
#1255=LINE('',#3262,#1499);
#1256=LINE('',#3265,#1500);
#1257=LINE('',#3267,#1501);
#1258=LINE('',#3269,#1502);
#1259=LINE('',#3271,#1503);
#1260=LINE('',#3273,#1504);
#1261=LINE('',#3275,#1505);
#1262=LINE('',#3277,#1506);
#1263=LINE('',#3280,#1507);
#1264=LINE('',#3282,#1508);
#1265=LINE('',#3284,#1509);
#1266=LINE('',#3286,#1510);
#1267=LINE('',#3288,#1511);
#1268=LINE('',#3290,#1512);
#1269=LINE('',#3292,#1513);
#1270=LINE('',#3294,#1514);
#1271=LINE('',#3296,#1515);
#1272=LINE('',#3298,#1516);
#1273=LINE('',#3300,#1517);
#1274=LINE('',#3301,#1518);
#1275=LINE('',#3302,#1519);
#1276=LINE('',#3304,#1520);
#1277=LINE('',#3306,#1521);
#1278=LINE('',#3307,#1522);
#1279=LINE('',#3308,#1523);
#1280=LINE('',#3309,#1524);
#1281=LINE('',#3310,#1525);
#1282=LINE('',#3312,#1526);
#1283=LINE('',#3314,#1527);
#1284=LINE('',#3315,#1528);
#1285=LINE('',#3316,#1529);
#1286=LINE('',#3318,#1530);
#1287=LINE('',#3320,#1531);
#1288=LINE('',#3322,#1532);
#1289=LINE('',#3324,#1533);
#1290=LINE('',#3326,#1534);
#1291=LINE('',#3328,#1535);
#1292=LINE('',#3330,#1536);
#1293=LINE('',#3332,#1537);
#1294=LINE('',#3334,#1538);
#1295=LINE('',#3336,#1539);
#1296=LINE('',#3338,#1540);
#1297=LINE('',#3340,#1541);
#1298=LINE('',#3342,#1542);
#1299=LINE('',#3344,#1543);
#1300=LINE('',#3346,#1544);
#1301=LINE('',#3348,#1545);
#1302=LINE('',#3350,#1546);
#1303=LINE('',#3352,#1547);
#1304=LINE('',#3354,#1548);
#1305=LINE('',#3356,#1549);
#1306=LINE('',#3358,#1550);
#1307=LINE('',#3360,#1551);
#1308=LINE('',#3362,#1552);
#1309=LINE('',#3364,#1553);
#1310=LINE('',#3366,#1554);
#1311=LINE('',#3368,#1555);
#1312=LINE('',#3370,#1556);
#1313=LINE('',#3372,#1557);
#1314=LINE('',#3374,#1558);
#1315=LINE('',#3376,#1559);
#1316=LINE('',#3378,#1560);
#1317=LINE('',#3380,#1561);
#1318=LINE('',#3382,#1562);
#1319=LINE('',#3384,#1563);
#1320=LINE('',#3386,#1564);
#1321=LINE('',#3388,#1565);
#1322=LINE('',#3390,#1566);
#1323=LINE('',#3392,#1567);
#1324=LINE('',#3394,#1568);
#1325=LINE('',#3396,#1569);
#1326=LINE('',#3399,#1570);
#1327=LINE('',#3401,#1571);
#1328=LINE('',#3403,#1572);
#1329=LINE('',#3405,#1573);
#1330=LINE('',#3407,#1574);
#1331=LINE('',#3409,#1575);
#1332=LINE('',#3412,#1576);
#1333=LINE('',#3413,#1577);
#1334=LINE('',#3415,#1578);
#1335=LINE('',#3417,#1579);
#1336=LINE('',#3419,#1580);
#1337=LINE('',#3421,#1581);
#1338=LINE('',#3423,#1582);
#1339=LINE('',#3425,#1583);
#1340=LINE('',#3428,#1584);
#1341=LINE('',#3429,#1585);
#1342=LINE('',#3431,#1586);
#1343=LINE('',#3433,#1587);
#1344=LINE('',#3435,#1588);
#1345=LINE('',#3437,#1589);
#1346=LINE('',#3439,#1590);
#1347=LINE('',#3441,#1591);
#1348=LINE('',#3444,#1592);
#1349=LINE('',#3445,#1593);
#1350=LINE('',#3447,#1594);
#1351=LINE('',#3449,#1595);
#1352=LINE('',#3451,#1596);
#1353=LINE('',#3453,#1597);
#1354=LINE('',#3455,#1598);
#1355=LINE('',#3457,#1599);
#1356=LINE('',#3460,#1600);
#1357=LINE('',#3461,#1601);
#1358=LINE('',#3463,#1602);
#1359=LINE('',#3465,#1603);
#1360=LINE('',#3467,#1604);
#1361=LINE('',#3469,#1605);
#1362=LINE('',#3471,#1606);
#1363=LINE('',#3473,#1607);
#1364=LINE('',#3476,#1608);
#1365=LINE('',#3477,#1609);
#1366=LINE('',#3479,#1610);
#1367=LINE('',#3481,#1611);
#1368=LINE('',#3483,#1612);
#1369=LINE('',#3485,#1613);
#1370=LINE('',#3487,#1614);
#1371=LINE('',#3489,#1615);
#1372=LINE('',#3493,#1616);
#1373=LINE('',#3496,#1617);
#1374=LINE('',#3498,#1618);
#1375=LINE('',#3500,#1619);
#1376=LINE('',#3502,#1620);
#1377=LINE('',#3504,#1621);
#1378=LINE('',#3506,#1622);
#1379=LINE('',#3508,#1623);
#1380=LINE('',#3510,#1624);
#1381=LINE('',#3512,#1625);
#1382=LINE('',#3514,#1626);
#1383=LINE('',#3516,#1627);
#1384=LINE('',#3518,#1628);
#1385=LINE('',#3520,#1629);
#1386=LINE('',#3522,#1630);
#1387=LINE('',#3524,#1631);
#1388=LINE('',#3526,#1632);
#1389=LINE('',#3528,#1633);
#1390=LINE('',#3530,#1634);
#1391=LINE('',#3532,#1635);
#1392=LINE('',#3534,#1636);
#1393=LINE('',#3536,#1637);
#1394=LINE('',#3538,#1638);
#1395=LINE('',#3540,#1639);
#1396=LINE('',#3542,#1640);
#1397=LINE('',#3544,#1641);
#1398=LINE('',#3546,#1642);
#1399=LINE('',#3548,#1643);
#1400=LINE('',#3550,#1644);
#1401=LINE('',#3552,#1645);
#1402=LINE('',#3554,#1646);
#1403=LINE('',#3556,#1647);
#1404=LINE('',#3558,#1648);
#1405=LINE('',#3560,#1649);
#1406=LINE('',#3562,#1650);
#1407=LINE('',#3564,#1651);
#1408=LINE('',#3566,#1652);
#1409=LINE('',#3568,#1653);
#1410=LINE('',#3570,#1654);
#1411=LINE('',#3572,#1655);
#1412=LINE('',#3574,#1656);
#1413=LINE('',#3575,#1657);
#1414=LINE('',#3604,#1658);
#1415=LINE('',#3607,#1659);
#1416=LINE('',#3609,#1660);
#1417=LINE('',#3611,#1661);
#1418=LINE('',#3613,#1662);
#1419=LINE('',#3616,#1663);
#1420=LINE('',#3617,#1664);
#1421=LINE('',#3619,#1665);
#1422=LINE('',#3621,#1666);
#1423=LINE('',#3623,#1667);
#1424=LINE('',#3625,#1668);
#1425=LINE('',#3627,#1669);
#1426=LINE('',#3629,#1670);
#1427=LINE('',#3631,#1671);
#1428=LINE('',#3632,#1672);
#1429=VECTOR('',#2472,1.);
#1430=VECTOR('',#2473,1.);
#1431=VECTOR('',#2474,1.);
#1432=VECTOR('',#2475,1.);
#1433=VECTOR('',#2476,1.);
#1434=VECTOR('',#2477,1.);
#1435=VECTOR('',#2478,1.);
#1436=VECTOR('',#2479,1.);
#1437=VECTOR('',#2480,1.);
#1438=VECTOR('',#2481,1.);
#1439=VECTOR('',#2482,1.);
#1440=VECTOR('',#2485,1.);
#1441=VECTOR('',#2488,1.);
#1442=VECTOR('',#2491,1.);
#1443=VECTOR('',#2496,1.);
#1444=VECTOR('',#2497,1.);
#1445=VECTOR('',#2498,1.);
#1446=VECTOR('',#2499,1.);
#1447=VECTOR('',#2502,1.);
#1448=VECTOR('',#2505,1.);
#1449=VECTOR('',#2508,1.);
#1450=VECTOR('',#2511,1.);
#1451=VECTOR('',#2514,1.);
#1452=VECTOR('',#2515,1.);
#1453=VECTOR('',#2516,1.);
#1454=VECTOR('',#2517,1.);
#1455=VECTOR('',#2520,1.);
#1456=VECTOR('',#2523,1.);
#1457=VECTOR('',#2526,1.);
#1458=VECTOR('',#2529,1.);
#1459=VECTOR('',#2532,1.);
#1460=VECTOR('',#2533,1.);
#1461=VECTOR('',#2534,1.);
#1462=VECTOR('',#2535,1.);
#1463=VECTOR('',#2536,1.);
#1464=VECTOR('',#2539,1.);
#1465=VECTOR('',#2542,1.);
#1466=VECTOR('',#2545,1.);
#1467=VECTOR('',#2550,1.);
#1468=VECTOR('',#2551,1.);
#1469=VECTOR('',#2552,1.);
#1470=VECTOR('',#2553,1.);
#1471=VECTOR('',#2556,1.);
#1472=VECTOR('',#2559,1.);
#1473=VECTOR('',#2562,1.);
#1474=VECTOR('',#2565,1.);
#1475=VECTOR('',#2568,1.);
#1476=VECTOR('',#2571,1.);
#1477=VECTOR('',#2574,1.);
#1478=VECTOR('',#2577,1.);
#1479=VECTOR('',#2580,1.);
#1480=VECTOR('',#2583,1.);
#1481=VECTOR('',#2586,1.);
#1482=VECTOR('',#2589,1.);
#1483=VECTOR('',#2592,1.);
#1484=VECTOR('',#2593,1.);
#1485=VECTOR('',#2594,1.);
#1486=VECTOR('',#2595,1.);
#1487=VECTOR('',#2598,1.);
#1488=VECTOR('',#2601,1.);
#1489=VECTOR('',#2604,1.);
#1490=VECTOR('',#2607,1.);
#1491=VECTOR('',#2610,1.);
#1492=VECTOR('',#2613,1.);
#1493=VECTOR('',#2616,1.);
#1494=VECTOR('',#2619,1.);
#1495=VECTOR('',#2622,1.);
#1496=VECTOR('',#2625,1.);
#1497=VECTOR('',#2628,1.);
#1498=VECTOR('',#2631,1.);
#1499=VECTOR('',#2634,1.);
#1500=VECTOR('',#2635,1.);
#1501=VECTOR('',#2636,1.);
#1502=VECTOR('',#2637,1.);
#1503=VECTOR('',#2638,1.);
#1504=VECTOR('',#2641,1.);
#1505=VECTOR('',#2642,1.);
#1506=VECTOR('',#2645,1.);
#1507=VECTOR('',#2646,1.);
#1508=VECTOR('',#2647,1.);
#1509=VECTOR('',#2648,1.);
#1510=VECTOR('',#2649,1.);
#1511=VECTOR('',#2652,1.);
#1512=VECTOR('',#2653,1.);
#1513=VECTOR('',#2656,1.);
#1514=VECTOR('',#2657,1.);
#1515=VECTOR('',#2658,1.);
#1516=VECTOR('',#2659,1.);
#1517=VECTOR('',#2660,1.);
#1518=VECTOR('',#2661,1.);
#1519=VECTOR('',#2662,1.);
#1520=VECTOR('',#2663,1.);
#1521=VECTOR('',#2664,1.);
#1522=VECTOR('',#2665,1.);
#1523=VECTOR('',#2666,1.);
#1524=VECTOR('',#2667,1.);
#1525=VECTOR('',#2668,1.);
#1526=VECTOR('',#2669,1.);
#1527=VECTOR('',#2670,1.);
#1528=VECTOR('',#2671,1.);
#1529=VECTOR('',#2672,1.);
#1530=VECTOR('',#2673,1.);
#1531=VECTOR('',#2674,1.);
#1532=VECTOR('',#2675,1.);
#1533=VECTOR('',#2676,1.);
#1534=VECTOR('',#2677,1.);
#1535=VECTOR('',#2678,1.);
#1536=VECTOR('',#2681,1.);
#1537=VECTOR('',#2682,1.);
#1538=VECTOR('',#2685,1.);
#1539=VECTOR('',#2686,1.);
#1540=VECTOR('',#2689,1.);
#1541=VECTOR('',#2692,1.);
#1542=VECTOR('',#2695,1.);
#1543=VECTOR('',#2696,1.);
#1544=VECTOR('',#2699,1.);
#1545=VECTOR('',#2700,1.);
#1546=VECTOR('',#2703,1.);
#1547=VECTOR('',#2704,1.);
#1548=VECTOR('',#2707,1.);
#1549=VECTOR('',#2708,1.);
#1550=VECTOR('',#2711,1.);
#1551=VECTOR('',#2712,1.);
#1552=VECTOR('',#2715,1.);
#1553=VECTOR('',#2716,1.);
#1554=VECTOR('',#2719,1.);
#1555=VECTOR('',#2720,1.);
#1556=VECTOR('',#2723,1.);
#1557=VECTOR('',#2724,1.);
#1558=VECTOR('',#2727,1.);
#1559=VECTOR('',#2728,1.);
#1560=VECTOR('',#2731,1.);
#1561=VECTOR('',#2732,1.);
#1562=VECTOR('',#2735,1.);
#1563=VECTOR('',#2738,1.);
#1564=VECTOR('',#2741,1.);
#1565=VECTOR('',#2742,1.);
#1566=VECTOR('',#2745,1.);
#1567=VECTOR('',#2746,1.);
#1568=VECTOR('',#2749,1.);
#1569=VECTOR('',#2752,1.);
#1570=VECTOR('',#2757,1.);
#1571=VECTOR('',#2760,1.);
#1572=VECTOR('',#2763,1.);
#1573=VECTOR('',#2766,1.);
#1574=VECTOR('',#2769,1.);
#1575=VECTOR('',#2772,1.);
#1576=VECTOR('',#2777,1.);
#1577=VECTOR('',#2778,1.);
#1578=VECTOR('',#2781,1.);
#1579=VECTOR('',#2784,1.);
#1580=VECTOR('',#2787,1.);
#1581=VECTOR('',#2790,1.);
#1582=VECTOR('',#2793,1.);
#1583=VECTOR('',#2796,1.);
#1584=VECTOR('',#2801,1.);
#1585=VECTOR('',#2802,1.);
#1586=VECTOR('',#2805,1.);
#1587=VECTOR('',#2808,1.);
#1588=VECTOR('',#2811,1.);
#1589=VECTOR('',#2814,1.);
#1590=VECTOR('',#2817,1.);
#1591=VECTOR('',#2820,1.);
#1592=VECTOR('',#2825,1.);
#1593=VECTOR('',#2826,1.);
#1594=VECTOR('',#2829,1.);
#1595=VECTOR('',#2832,1.);
#1596=VECTOR('',#2835,1.);
#1597=VECTOR('',#2838,1.);
#1598=VECTOR('',#2841,1.);
#1599=VECTOR('',#2844,1.);
#1600=VECTOR('',#2849,1.);
#1601=VECTOR('',#2850,1.);
#1602=VECTOR('',#2853,1.);
#1603=VECTOR('',#2856,1.);
#1604=VECTOR('',#2859,1.);
#1605=VECTOR('',#2862,1.);
#1606=VECTOR('',#2865,1.);
#1607=VECTOR('',#2868,1.);
#1608=VECTOR('',#2873,1.);
#1609=VECTOR('',#2874,1.);
#1610=VECTOR('',#2877,1.);
#1611=VECTOR('',#2880,1.);
#1612=VECTOR('',#2883,1.);
#1613=VECTOR('',#2886,1.);
#1614=VECTOR('',#2889,1.);
#1615=VECTOR('',#2892,1.);
#1616=VECTOR('',#2899,1.);
#1617=VECTOR('',#2900,1.);
#1618=VECTOR('',#2901,1.);
#1619=VECTOR('',#2902,1.);
#1620=VECTOR('',#2905,1.);
#1621=VECTOR('',#2906,1.);
#1622=VECTOR('',#2907,1.);
#1623=VECTOR('',#2910,1.);
#1624=VECTOR('',#2911,1.);
#1625=VECTOR('',#2912,1.);
#1626=VECTOR('',#2915,1.);
#1627=VECTOR('',#2916,1.);
#1628=VECTOR('',#2917,1.);
#1629=VECTOR('',#2920,1.);
#1630=VECTOR('',#2921,1.);
#1631=VECTOR('',#2922,1.);
#1632=VECTOR('',#2925,1.);
#1633=VECTOR('',#2926,1.);
#1634=VECTOR('',#2927,1.);
#1635=VECTOR('',#2930,1.);
#1636=VECTOR('',#2931,1.);
#1637=VECTOR('',#2932,1.);
#1638=VECTOR('',#2935,1.);
#1639=VECTOR('',#2936,1.);
#1640=VECTOR('',#2937,1.);
#1641=VECTOR('',#2940,1.);
#1642=VECTOR('',#2941,1.);
#1643=VECTOR('',#2942,1.);
#1644=VECTOR('',#2945,1.);
#1645=VECTOR('',#2946,1.);
#1646=VECTOR('',#2947,1.);
#1647=VECTOR('',#2950,1.);
#1648=VECTOR('',#2951,1.);
#1649=VECTOR('',#2952,1.);
#1650=VECTOR('',#2955,1.);
#1651=VECTOR('',#2956,1.);
#1652=VECTOR('',#2957,1.);
#1653=VECTOR('',#2960,1.);
#1654=VECTOR('',#2961,1.);
#1655=VECTOR('',#2962,1.);
#1656=VECTOR('',#2965,1.);
#1657=VECTOR('',#2966,1.);
#1658=VECTOR('',#3007,1.);
#1659=VECTOR('',#3008,1.);
#1660=VECTOR('',#3009,1.);
#1661=VECTOR('',#3010,1.);
#1662=VECTOR('',#3013,1.);
#1663=VECTOR('',#3014,1.);
#1664=VECTOR('',#3015,1.);
#1665=VECTOR('',#3016,1.);
#1666=VECTOR('',#3019,1.);
#1667=VECTOR('',#3020,1.);
#1668=VECTOR('',#3021,1.);
#1669=VECTOR('',#3022,1.);
#1670=VECTOR('',#3025,1.);
#1671=VECTOR('',#3028,1.);
#1672=VECTOR('',#3029,1.);
#1673=EDGE_LOOP('',(#113,#114,#115,#116,#117,#118,#119,#120,#121,#122));
#1674=EDGE_LOOP('',(#123,#124,#125,#126,#127,#128,#129,#130));
#1675=EDGE_LOOP('',(#131,#132,#133,#134));
#1676=EDGE_LOOP('',(#135,#136,#137,#138,#139,#140,#141,#142));
#1677=EDGE_LOOP('',(#143,#144,#145,#146));
#1678=EDGE_LOOP('',(#147,#148,#149,#150,#151,#152,#153,#154));
#1679=EDGE_LOOP('',(#155,#156,#157,#158));
#1680=EDGE_LOOP('',(#159,#160,#161,#162,#163,#164,#165,#166));
#1681=EDGE_LOOP('',(#167,#168,#169,#170));
#1682=EDGE_LOOP('',(#171,#172,#173,#174,#175,#176,#177,#178));
#1683=EDGE_LOOP('',(#179,#180,#181,#182,#183,#184,#185,#186));
#1684=EDGE_LOOP('',(#187,#188,#189,#190,#191,#192,#193,#194));
#1685=EDGE_LOOP('',(#195,#196,#197,#198));
#1686=EDGE_LOOP('',(#199,#200,#201,#202,#203,#204,#205,#206));
#1687=EDGE_LOOP('',(#207,#208,#209,#210,#211,#212,#213,#214));
#1688=EDGE_LOOP('',(#215,#216,#217,#218,#219,#220,#221,#222));
#1689=EDGE_LOOP('',(#223,#224,#225,#226,#227));
#1690=EDGE_LOOP('',(#228,#229,#230));
#1691=EDGE_LOOP('',(#231,#232,#233,#234,#235));
#1692=EDGE_LOOP('',(#236,#237,#238));
#1693=EDGE_LOOP('',(#239,#240,#241,#242,#243,#244,#245,#246,#247,#248,#249,#250));
#1694=EDGE_LOOP('',(#251,#252,#253,#254,#255,#256,#257,#258,#259,#260,#261,#262,#263,#264,#265,#266,#267,#268,#269,#270));
#1695=EDGE_LOOP('',(#271,#272,#273,#274));
#1696=EDGE_LOOP('',(#275,#276,#277,#278));
#1697=EDGE_LOOP('',(#279,#280,#281,#282));
#1698=EDGE_LOOP('',(#283,#284,#285,#286));
#1699=EDGE_LOOP('',(#287,#288,#289,#290));
#1700=EDGE_LOOP('',(#291,#292,#293,#294));
#1701=EDGE_LOOP('',(#295,#296,#297,#298));
#1702=EDGE_LOOP('',(#299,#300,#301,#302));
#1703=EDGE_LOOP('',(#303,#304,#305,#306));
#1704=EDGE_LOOP('',(#307,#308,#309,#310));
#1705=EDGE_LOOP('',(#311,#312,#313,#314));
#1706=EDGE_LOOP('',(#315,#316,#317,#318));
#1707=EDGE_LOOP('',(#319,#320,#321,#322));
#1708=EDGE_LOOP('',(#323,#324,#325,#326));
#1709=EDGE_LOOP('',(#327,#328,#329,#330));
#1710=EDGE_LOOP('',(#331,#332,#333,#334));
#1711=EDGE_LOOP('',(#335,#336,#337,#338));
#1712=EDGE_LOOP('',(#339,#340,#341,#342));
#1713=EDGE_LOOP('',(#343,#344,#345,#346));
#1714=EDGE_LOOP('',(#347,#348,#349,#350));
#1715=EDGE_LOOP('',(#351,#352,#353,#354,#355,#356,#357,#358,#359,#360,#361,#362));
#1716=EDGE_LOOP('',(#363,#364,#365,#366,#367,#368,#369,#370,#371,#372,#373,#374,#375,#376));
#1717=EDGE_LOOP('',(#377,#378,#379,#380));
#1718=EDGE_LOOP('',(#381,#382,#383));
#1719=EDGE_LOOP('',(#384,#385,#386));
#1720=EDGE_LOOP('',(#387,#388,#389,#390,#391,#392,#393,#394));
#1721=EDGE_LOOP('',(#395,#396,#397,#398));
#1722=EDGE_LOOP('',(#399,#400,#401,#402));
#1723=EDGE_LOOP('',(#403,#404,#405,#406));
#1724=EDGE_LOOP('',(#407,#408,#409,#410));
#1725=EDGE_LOOP('',(#411,#412,#413,#414));
#1726=EDGE_LOOP('',(#415,#416,#417,#418));
#1727=EDGE_LOOP('',(#419,#420,#421,#422));
#1728=EDGE_LOOP('',(#423,#424,#425,#426));
#1729=EDGE_LOOP('',(#427,#428,#429,#430));
#1730=EDGE_LOOP('',(#431,#432,#433,#434));
#1731=EDGE_LOOP('',(#435,#436,#437,#438));
#1732=EDGE_LOOP('',(#439,#440,#441,#442));
#1733=EDGE_LOOP('',(#443,#444,#445,#446));
#1734=EDGE_LOOP('',(#447,#448,#449,#450));
#1735=EDGE_LOOP('',(#451,#452,#453,#454));
#1736=EDGE_LOOP('',(#455,#456,#457,#458));
#1737=EDGE_LOOP('',(#459,#460,#461,#462));
#1738=EDGE_LOOP('',(#463,#464,#465,#466));
#1739=EDGE_LOOP('',(#467,#468,#469,#470));
#1740=EDGE_LOOP('',(#471,#472,#473,#474));
#1741=EDGE_LOOP('',(#475,#476,#477,#478));
#1742=EDGE_LOOP('',(#479,#480,#481,#482));
#1743=EDGE_LOOP('',(#483,#484,#485,#486));
#1744=EDGE_LOOP('',(#487,#488,#489,#490));
#1745=EDGE_LOOP('',(#491,#492,#493,#494));
#1746=EDGE_LOOP('',(#495,#496,#497,#498));
#1747=EDGE_LOOP('',(#499,#500,#501,#502));
#1748=EDGE_LOOP('',(#503,#504,#505,#506));
#1749=EDGE_LOOP('',(#507,#508,#509,#510));
#1750=EDGE_LOOP('',(#511,#512,#513,#514));
#1751=EDGE_LOOP('',(#515,#516,#517,#518));
#1752=EDGE_LOOP('',(#519,#520,#521,#522));
#1753=EDGE_LOOP('',(#523,#524,#525,#526));
#1754=EDGE_LOOP('',(#527,#528,#529,#530));
#1755=EDGE_LOOP('',(#531,#532,#533,#534));
#1756=EDGE_LOOP('',(#535,#536,#537,#538));
#1757=EDGE_LOOP('',(#539,#540,#541,#542));
#1758=EDGE_LOOP('',(#543,#544,#545,#546));
#1759=EDGE_LOOP('',(#547,#548,#549,#550));
#1760=EDGE_LOOP('',(#551,#552,#553,#554));
#1761=EDGE_LOOP('',(#555,#556,#557,#558));
#1762=EDGE_LOOP('',(#559,#560,#561,#562));
#1763=EDGE_LOOP('',(#563,#564,#565,#566));
#1764=EDGE_LOOP('',(#567,#568,#569,#570));
#1765=EDGE_LOOP('',(#571,#572,#573,#574));
#1766=EDGE_LOOP('',(#575,#576,#577,#578));
#1767=EDGE_LOOP('',(#579,#580,#581,#582));
#1768=EDGE_LOOP('',(#583,#584,#585,#586));
#1769=EDGE_LOOP('',(#587,#588,#589,#590));
#1770=EDGE_LOOP('',(#591,#592,#593,#594));
#1771=EDGE_LOOP('',(#595,#596,#597,#598));
#1772=EDGE_LOOP('',(#599,#600,#601,#602));
#1773=EDGE_LOOP('',(#603,#604,#605,#606));
#1774=EDGE_LOOP('',(#607,#608,#609,#610));
#1775=EDGE_LOOP('',(#611,#612,#613,#614));
#1776=EDGE_LOOP('',(#615,#616,#617,#618));
#1777=EDGE_LOOP('',(#619,#620,#621,#622));
#1778=EDGE_LOOP('',(#623));
#1779=EDGE_LOOP('',(#624));
#1780=EDGE_LOOP('',(#625));
#1781=EDGE_LOOP('',(#626));
#1782=EDGE_LOOP('',(#627,#628,#629,#630,#631,#632,#633,#634,#635,#636,#637,#638,#639,#640));
#1783=EDGE_LOOP('',(#641,#642,#643,#644,#645,#646,#647,#648,#649,#650,#651,#652,#653,#654));
#1784=EDGE_LOOP('',(#655));
#1785=EDGE_LOOP('',(#656));
#1786=EDGE_LOOP('',(#657));
#1787=EDGE_LOOP('',(#658));
#1788=EDGE_LOOP('',(#659));
#1789=EDGE_LOOP('',(#660));
#1790=EDGE_LOOP('',(#661));
#1791=EDGE_LOOP('',(#662));
#1792=EDGE_LOOP('',(#663));
#1793=EDGE_LOOP('',(#664));
#1794=EDGE_LOOP('',(#665));
#1795=EDGE_LOOP('',(#666));
#1796=EDGE_LOOP('',(#667,#668,#669,#670));
#1797=EDGE_LOOP('',(#671,#672,#673,#674,#675));
#1798=EDGE_LOOP('',(#676,#677,#678,#679,#680));
#1799=EDGE_LOOP('',(#681,#682,#683,#684));
#1800=EDGE_LOOP('',(#685,#686,#687,#688));
#1801=EDGE_LOOP('',(#689,#690,#691,#692));
#1802=EDGE_LOOP('',(#693,#694,#695,#696));
#1803=FACE_BOUND('',#1673,.T.);
#1804=FACE_BOUND('',#1674,.T.);
#1805=FACE_BOUND('',#1675,.T.);
#1806=FACE_BOUND('',#1676,.T.);
#1807=FACE_BOUND('',#1677,.T.);
#1808=FACE_BOUND('',#1678,.T.);
#1809=FACE_BOUND('',#1679,.T.);
#1810=FACE_BOUND('',#1680,.T.);
#1811=FACE_BOUND('',#1681,.T.);
#1812=FACE_BOUND('',#1682,.T.);
#1813=FACE_BOUND('',#1683,.T.);
#1814=FACE_BOUND('',#1684,.T.);
#1815=FACE_BOUND('',#1685,.T.);
#1816=FACE_BOUND('',#1686,.T.);
#1817=FACE_BOUND('',#1687,.T.);
#1818=FACE_BOUND('',#1688,.T.);
#1819=FACE_BOUND('',#1689,.T.);
#1820=FACE_BOUND('',#1690,.T.);
#1821=FACE_BOUND('',#1691,.T.);
#1822=FACE_BOUND('',#1692,.T.);
#1823=FACE_BOUND('',#1693,.T.);
#1824=FACE_BOUND('',#1694,.T.);
#1825=FACE_BOUND('',#1695,.T.);
#1826=FACE_BOUND('',#1696,.T.);
#1827=FACE_BOUND('',#1697,.T.);
#1828=FACE_BOUND('',#1698,.T.);
#1829=FACE_BOUND('',#1699,.T.);
#1830=FACE_BOUND('',#1700,.T.);
#1831=FACE_BOUND('',#1701,.T.);
#1832=FACE_BOUND('',#1702,.T.);
#1833=FACE_BOUND('',#1703,.T.);
#1834=FACE_BOUND('',#1704,.T.);
#1835=FACE_BOUND('',#1705,.T.);
#1836=FACE_BOUND('',#1706,.T.);
#1837=FACE_BOUND('',#1707,.T.);
#1838=FACE_BOUND('',#1708,.T.);
#1839=FACE_BOUND('',#1709,.T.);
#1840=FACE_BOUND('',#1710,.T.);
#1841=FACE_BOUND('',#1711,.T.);
#1842=FACE_BOUND('',#1712,.T.);
#1843=FACE_BOUND('',#1713,.T.);
#1844=FACE_BOUND('',#1714,.T.);
#1845=FACE_BOUND('',#1715,.T.);
#1846=FACE_BOUND('',#1716,.T.);
#1847=FACE_BOUND('',#1717,.T.);
#1848=FACE_BOUND('',#1718,.T.);
#1849=FACE_BOUND('',#1719,.T.);
#1850=FACE_BOUND('',#1720,.T.);
#1851=FACE_BOUND('',#1721,.T.);
#1852=FACE_BOUND('',#1722,.T.);
#1853=FACE_BOUND('',#1723,.T.);
#1854=FACE_BOUND('',#1724,.T.);
#1855=FACE_BOUND('',#1725,.T.);
#1856=FACE_BOUND('',#1726,.T.);
#1857=FACE_BOUND('',#1727,.T.);
#1858=FACE_BOUND('',#1728,.T.);
#1859=FACE_BOUND('',#1729,.T.);
#1860=FACE_BOUND('',#1730,.T.);
#1861=FACE_BOUND('',#1731,.T.);
#1862=FACE_BOUND('',#1732,.T.);
#1863=FACE_BOUND('',#1733,.T.);
#1864=FACE_BOUND('',#1734,.T.);
#1865=FACE_BOUND('',#1735,.T.);
#1866=FACE_BOUND('',#1736,.T.);
#1867=FACE_BOUND('',#1737,.T.);
#1868=FACE_BOUND('',#1738,.T.);
#1869=FACE_BOUND('',#1739,.T.);
#1870=FACE_BOUND('',#1740,.T.);
#1871=FACE_BOUND('',#1741,.T.);
#1872=FACE_BOUND('',#1742,.T.);
#1873=FACE_BOUND('',#1743,.T.);
#1874=FACE_BOUND('',#1744,.T.);
#1875=FACE_BOUND('',#1745,.T.);
#1876=FACE_BOUND('',#1746,.T.);
#1877=FACE_BOUND('',#1747,.T.);
#1878=FACE_BOUND('',#1748,.T.);
#1879=FACE_BOUND('',#1749,.T.);
#1880=FACE_BOUND('',#1750,.T.);
#1881=FACE_BOUND('',#1751,.T.);
#1882=FACE_BOUND('',#1752,.T.);
#1883=FACE_BOUND('',#1753,.T.);
#1884=FACE_BOUND('',#1754,.T.);
#1885=FACE_BOUND('',#1755,.T.);
#1886=FACE_BOUND('',#1756,.T.);
#1887=FACE_BOUND('',#1757,.T.);
#1888=FACE_BOUND('',#1758,.T.);
#1889=FACE_BOUND('',#1759,.T.);
#1890=FACE_BOUND('',#1760,.T.);
#1891=FACE_BOUND('',#1761,.T.);
#1892=FACE_BOUND('',#1762,.T.);
#1893=FACE_BOUND('',#1763,.T.);
#1894=FACE_BOUND('',#1764,.T.);
#1895=FACE_BOUND('',#1765,.T.);
#1896=FACE_BOUND('',#1766,.T.);
#1897=FACE_BOUND('',#1767,.T.);
#1898=FACE_BOUND('',#1768,.T.);
#1899=FACE_BOUND('',#1769,.T.);
#1900=FACE_BOUND('',#1770,.T.);
#1901=FACE_BOUND('',#1771,.T.);
#1902=FACE_BOUND('',#1772,.T.);
#1903=FACE_BOUND('',#1773,.T.);
#1904=FACE_BOUND('',#1774,.T.);
#1905=FACE_BOUND('',#1775,.T.);
#1906=FACE_BOUND('',#1776,.T.);
#1907=FACE_BOUND('',#1777,.T.);
#1908=FACE_BOUND('',#1778,.T.);
#1909=FACE_BOUND('',#1779,.T.);
#1910=FACE_BOUND('',#1780,.T.);
#1911=FACE_BOUND('',#1781,.T.);
#1912=FACE_BOUND('',#1782,.T.);
#1913=FACE_BOUND('',#1783,.T.);
#1914=FACE_BOUND('',#1784,.T.);
#1915=FACE_BOUND('',#1785,.T.);
#1916=FACE_BOUND('',#1786,.T.);
#1917=FACE_BOUND('',#1787,.T.);
#1918=FACE_BOUND('',#1788,.T.);
#1919=FACE_BOUND('',#1789,.T.);
#1920=FACE_BOUND('',#1790,.T.);
#1921=FACE_BOUND('',#1791,.T.);
#1922=FACE_BOUND('',#1792,.T.);
#1923=FACE_BOUND('',#1793,.T.);
#1924=FACE_BOUND('',#1794,.T.);
#1925=FACE_BOUND('',#1795,.T.);
#1926=FACE_BOUND('',#1796,.T.);
#1927=FACE_BOUND('',#1797,.T.);
#1928=FACE_BOUND('',#1798,.T.);
#1929=FACE_BOUND('',#1799,.T.);
#1930=FACE_BOUND('',#1800,.T.);
#1931=FACE_BOUND('',#1801,.T.);
#1932=FACE_BOUND('',#1802,.T.);
#1933=PLANE('',#2308);
#1934=PLANE('',#2313);
#1935=PLANE('',#2318);
#1936=PLANE('',#2323);
#1937=PLANE('',#2328);
#1938=PLANE('',#2341);
#1939=PLANE('',#2354);
#1940=PLANE('',#2355);
#1941=PLANE('',#2356);
#1942=PLANE('',#2357);
#1943=PLANE('',#2358);
#1944=PLANE('',#2359);
#1945=PLANE('',#2360);
#1946=PLANE('',#2361);
#1947=PLANE('',#2362);
#1948=PLANE('',#2363);
#1949=PLANE('',#2364);
#1950=PLANE('',#2365);
#1951=PLANE('',#2366);
#1952=PLANE('',#2367);
#1953=PLANE('',#2368);
#1954=PLANE('',#2369);
#1955=PLANE('',#2370);
#1956=PLANE('',#2371);
#1957=PLANE('',#2372);
#1958=PLANE('',#2373);
#1959=PLANE('',#2374);
#1960=PLANE('',#2375);
#1961=PLANE('',#2376);
#1962=PLANE('',#2377);
#1963=PLANE('',#2378);
#1964=PLANE('',#2379);
#1965=PLANE('',#2380);
#1966=PLANE('',#2381);
#1967=PLANE('',#2382);
#1968=PLANE('',#2383);
#1969=PLANE('',#2384);
#1970=PLANE('',#2385);
#1971=PLANE('',#2386);
#1972=PLANE('',#2387);
#1973=PLANE('',#2389);
#1974=PLANE('',#2391);
#1975=PLANE('',#2393);
#1976=PLANE('',#2395);
#1977=PLANE('',#2397);
#1978=PLANE('',#2399);
#1979=PLANE('',#2401);
#1980=PLANE('',#2403);
#1981=PLANE('',#2405);
#1982=PLANE('',#2407);
#1983=PLANE('',#2409);
#1984=PLANE('',#2411);
#1985=PLANE('',#2413);
#1986=PLANE('',#2415);
#1987=PLANE('',#2417);
#1988=PLANE('',#2419);
#1989=PLANE('',#2421);
#1990=PLANE('',#2423);
#1991=PLANE('',#2425);
#1992=PLANE('',#2428);
#1993=PLANE('',#2429);
#1994=PLANE('',#2430);
#1995=PLANE('',#2431);
#1996=PLANE('',#2432);
#1997=PLANE('',#2433);
#1998=PLANE('',#2434);
#1999=PLANE('',#2435);
#2000=PLANE('',#2436);
#2001=PLANE('',#2437);
#2002=PLANE('',#2438);
#2003=PLANE('',#2439);
#2004=PLANE('',#2440);
#2005=PLANE('',#2441);
#2006=PLANE('',#2442);
#2007=PLANE('',#2447);
#2008=PLANE('',#2450);
#2009=PLANE('',#2453);
#2010=PLANE('',#2456);
#2011=PLANE('',#2459);
#2012=PLANE('',#2461);
#2013=PLANE('',#2462);
#2014=PLANE('',#2463);
#2015=PLANE('',#2464);
#2016=PLANE('',#2465);
#2017=PLANE('',#2466);
#2018=PLANE('',#2467);
#2019=ADVANCED_FACE('Face appearance 4',(#1803,#1804),#1933,.F.);
#2020=ADVANCED_FACE('Face appearance 4',(#1805,#1806),#1934,.T.);
#2021=ADVANCED_FACE('Face appearance 4',(#1807,#1808),#1935,.F.);
#2022=ADVANCED_FACE('Face appearance 4',(#1809,#1810),#1936,.T.);
#2023=ADVANCED_FACE('Face appearance 4',(#1811,#1812,#1813,#1814),#1937,.F.);
#2024=ADVANCED_FACE('Face appearance 4',(#1815,#1816,#1817,#1818),#1938,.F.);
#2025=ADVANCED_FACE('Face appearance 4',(#1819),#1939,.F.);
#2026=ADVANCED_FACE('Face appearance 4',(#1820),#1940,.F.);
#2027=ADVANCED_FACE('Face appearance 4',(#1821),#1941,.T.);
#2028=ADVANCED_FACE('Face appearance 4',(#1822),#1942,.T.);
#2029=ADVANCED_FACE('Face appearance 4',(#1823,#1824),#1943,.T.);
#2030=ADVANCED_FACE('Face appearance 4',(#1825),#1944,.F.);
#2031=ADVANCED_FACE('Face appearance 4',(#1826),#1945,.F.);
#2032=ADVANCED_FACE('Face appearance 4',(#1827),#1946,.T.);
#2033=ADVANCED_FACE('Face appearance 4',(#1828),#1947,.T.);
#2034=ADVANCED_FACE('Face appearance 4',(#1829),#1948,.T.);
#2035=ADVANCED_FACE('Face appearance 4',(#1830),#1949,.F.);
#2036=ADVANCED_FACE('Face appearance 4',(#1831),#1950,.T.);
#2037=ADVANCED_FACE('Face appearance 4',(#1832),#1951,.T.);
#2038=ADVANCED_FACE('Face appearance 4',(#1833),#1952,.T.);
#2039=ADVANCED_FACE('Face appearance 4',(#1834),#1953,.F.);
#2040=ADVANCED_FACE('Face appearance 4',(#1835),#1954,.T.);
#2041=ADVANCED_FACE('Face appearance 4',(#1836),#1955,.T.);
#2042=ADVANCED_FACE('Face appearance 4',(#1837),#1956,.F.);
#2043=ADVANCED_FACE('Face appearance 4',(#1838),#1957,.T.);
#2044=ADVANCED_FACE('Face appearance 4',(#1839),#1958,.F.);
#2045=ADVANCED_FACE('Face appearance 4',(#1840),#1959,.F.);
#2046=ADVANCED_FACE('Face appearance 4',(#1841),#1960,.F.);
#2047=ADVANCED_FACE('Face appearance 4',(#1842),#1961,.T.);
#2048=ADVANCED_FACE('Face appearance 4',(#1843),#1962,.T.);
#2049=ADVANCED_FACE('Face appearance 4',(#1844),#1963,.F.);
#2050=ADVANCED_FACE('Face appearance 4',(#1845,#1846),#1964,.F.);
#2051=ADVANCED_FACE('Face appearance 4',(#1847),#1965,.F.);
#2052=ADVANCED_FACE('',(#1848),#1966,.F.);
#2053=ADVANCED_FACE('',(#1849),#1967,.T.);
#2054=ADVANCED_FACE('',(#1850),#1968,.T.);
#2055=ADVANCED_FACE('',(#1851),#1969,.F.);
#2056=ADVANCED_FACE('',(#1852),#1970,.F.);
#2057=ADVANCED_FACE('',(#1853),#1971,.T.);
#2058=ADVANCED_FACE('',(#1854),#1972,.F.);
#2059=ADVANCED_FACE('',(#1855),#41,.F.);
#2060=ADVANCED_FACE('',(#1856),#1973,.F.);
#2061=ADVANCED_FACE('',(#1857),#42,.F.);
#2062=ADVANCED_FACE('',(#1858),#1974,.T.);
#2063=ADVANCED_FACE('',(#1859),#43,.F.);
#2064=ADVANCED_FACE('',(#1860),#1975,.T.);
#2065=ADVANCED_FACE('',(#1861),#44,.F.);
#2066=ADVANCED_FACE('',(#1862),#1976,.F.);
#2067=ADVANCED_FACE('',(#1863),#45,.F.);
#2068=ADVANCED_FACE('',(#1864),#1977,.T.);
#2069=ADVANCED_FACE('',(#1865),#46,.F.);
#2070=ADVANCED_FACE('',(#1866),#1978,.T.);
#2071=ADVANCED_FACE('',(#1867),#47,.F.);
#2072=ADVANCED_FACE('',(#1868),#1979,.F.);
#2073=ADVANCED_FACE('',(#1869),#48,.F.);
#2074=ADVANCED_FACE('',(#1870),#1980,.F.);
#2075=ADVANCED_FACE('',(#1871),#49,.F.);
#2076=ADVANCED_FACE('',(#1872),#1981,.T.);
#2077=ADVANCED_FACE('',(#1873),#50,.F.);
#2078=ADVANCED_FACE('Face appearance 5',(#1874),#1982,.T.);
#2079=ADVANCED_FACE('',(#1875),#51,.F.);
#2080=ADVANCED_FACE('',(#1876),#1983,.F.);
#2081=ADVANCED_FACE('',(#1877),#52,.F.);
#2082=ADVANCED_FACE('',(#1878),#1984,.F.);
#2083=ADVANCED_FACE('',(#1879),#53,.F.);
#2084=ADVANCED_FACE('',(#1880),#1985,.F.);
#2085=ADVANCED_FACE('',(#1881),#54,.F.);
#2086=ADVANCED_FACE('',(#1882),#1986,.T.);
#2087=ADVANCED_FACE('',(#1883),#55,.F.);
#2088=ADVANCED_FACE('',(#1884),#1987,.T.);
#2089=ADVANCED_FACE('',(#1885),#56,.F.);
#2090=ADVANCED_FACE('',(#1886),#1988,.T.);
#2091=ADVANCED_FACE('',(#1887),#57,.F.);
#2092=ADVANCED_FACE('',(#1888),#1989,.T.);
#2093=ADVANCED_FACE('',(#1889),#58,.F.);
#2094=ADVANCED_FACE('',(#1890),#1990,.F.);
#2095=ADVANCED_FACE('',(#1891),#59,.F.);
#2096=ADVANCED_FACE('',(#1892),#1991,.F.);
#2097=ADVANCED_FACE('',(#1893),#60,.F.);
#2098=ADVANCED_FACE('Face appearance 4',(#1894),#1992,.T.);
#2099=ADVANCED_FACE('Face appearance 4',(#1895),#1993,.T.);
#2100=ADVANCED_FACE('Face appearance 4',(#1896),#1994,.T.);
#2101=ADVANCED_FACE('Face appearance 4',(#1897),#1995,.F.);
#2102=ADVANCED_FACE('Face appearance 4',(#1898),#1996,.F.);
#2103=ADVANCED_FACE('Face appearance 4',(#1899),#1997,.F.);
#2104=ADVANCED_FACE('Face appearance 4',(#1900),#1998,.T.);
#2105=ADVANCED_FACE('Face appearance 4',(#1901),#1999,.F.);
#2106=ADVANCED_FACE('Face appearance 4',(#1902),#2000,.T.);
#2107=ADVANCED_FACE('Face appearance 4',(#1903),#2001,.F.);
#2108=ADVANCED_FACE('Face appearance 4',(#1904),#2002,.T.);
#2109=ADVANCED_FACE('Face appearance 4',(#1905),#2003,.F.);
#2110=ADVANCED_FACE('Face appearance 4',(#1906),#2004,.T.);
#2111=ADVANCED_FACE('Face appearance 4',(#1907),#2005,.T.);
#2112=ADVANCED_FACE('Face appearance 4',(#1908,#1909,#1910,#1911,#1912),#2006,.T.);
#2113=ADVANCED_FACE('Face appearance 4',(#1913),#2007,.F.);
#2114=ADVANCED_FACE('Face appearance 4',(#1914,#1915),#61,.T.);
#2115=ADVANCED_FACE('Face appearance 4',(#1916),#2008,.T.);
#2116=ADVANCED_FACE('Face appearance 4',(#1917,#1918),#62,.T.);
#2117=ADVANCED_FACE('Face appearance 4',(#1919),#2009,.T.);
#2118=ADVANCED_FACE('Face appearance 4',(#1920,#1921),#63,.T.);
#2119=ADVANCED_FACE('Face appearance 4',(#1922),#2010,.T.);
#2120=ADVANCED_FACE('Face appearance 4',(#1923,#1924),#64,.T.);
#2121=ADVANCED_FACE('Face appearance 4',(#1925),#2011,.T.);
#2122=ADVANCED_FACE('Face appearance 4',(#1926),#2012,.F.);
#2123=ADVANCED_FACE('Face appearance 4',(#1927),#2013,.F.);
#2124=ADVANCED_FACE('Face appearance 4',(#1928),#2014,.T.);
#2125=ADVANCED_FACE('',(#1929),#2015,.T.);
#2126=ADVANCED_FACE('',(#1930),#2016,.T.);
#2127=ADVANCED_FACE('',(#1931),#2017,.F.);
#2128=ADVANCED_FACE('',(#1932),#2018,.T.);
#2129=CLOSED_SHELL('',(#2019,#2020,#2021,#2022,#2023,#2024,#2025,#2026,#2027,#2028,#2029,#2030,#2031,#2032,#2033,#2034,#2035,#2036,#2037,#2038,#2039,#2040,#2041,#2042,#2043,#2044,#2045,#2046,#2047,#2048,#2049,#2050,#2051,#2052,#2053,#2054,#2055,#2056,#2057,#2058,#2059,#2060,#2061,#2062,#2063,#2064,#2065,#2066,#2067,#2068,#2069,#2070,#2071,#2072,#2073,#2074,#2075,#2076,#2077,#2078,#2079,#2080,#2081,#2082,#2083,#2084,#2085,#2086,#2087,#2088,#2089,#2090,#2091,#2092,#2093,#2094,#2095,#2096,#2097));
#2130=CLOSED_SHELL('',(#2098,#2099,#2100,#2101,#2102,#2103,#2104,#2105,#2106,#2107,#2108,#2109,#2110,#2111,#2112,#2113,#2114,#2115,#2116,#2117,#2118,#2119,#2120,#2121));
#2131=CLOSED_SHELL('',(#2122,#2123,#2124,#2125,#2126,#2127,#2128));
#2132=STYLED_ITEM('',(#2135),#2298);
#2133=STYLED_ITEM('',(#2136),#2299);
#2134=STYLED_ITEM('',(#2161),#2300);
#2135=PRESENTATION_STYLE_ASSIGNMENT((#2162));
#2136=PRESENTATION_STYLE_ASSIGNMENT((#2163));
#2137=PRESENTATION_STYLE_ASSIGNMENT((#2164));
#2138=PRESENTATION_STYLE_ASSIGNMENT((#2165));
#2139=PRESENTATION_STYLE_ASSIGNMENT((#2166));
#2140=PRESENTATION_STYLE_ASSIGNMENT((#2167));
#2141=PRESENTATION_STYLE_ASSIGNMENT((#2168));
#2142=PRESENTATION_STYLE_ASSIGNMENT((#2169));
#2143=PRESENTATION_STYLE_ASSIGNMENT((#2170));
#2144=PRESENTATION_STYLE_ASSIGNMENT((#2171));
#2145=PRESENTATION_STYLE_ASSIGNMENT((#2172));
#2146=PRESENTATION_STYLE_ASSIGNMENT((#2173));
#2147=PRESENTATION_STYLE_ASSIGNMENT((#2174));
#2148=PRESENTATION_STYLE_ASSIGNMENT((#2175));
#2149=PRESENTATION_STYLE_ASSIGNMENT((#2176));
#2150=PRESENTATION_STYLE_ASSIGNMENT((#2177));
#2151=PRESENTATION_STYLE_ASSIGNMENT((#2178));
#2152=PRESENTATION_STYLE_ASSIGNMENT((#2179));
#2153=PRESENTATION_STYLE_ASSIGNMENT((#2180));
#2154=PRESENTATION_STYLE_ASSIGNMENT((#2181));
#2155=PRESENTATION_STYLE_ASSIGNMENT((#2182));
#2156=PRESENTATION_STYLE_ASSIGNMENT((#2183));
#2157=PRESENTATION_STYLE_ASSIGNMENT((#2184));
#2158=PRESENTATION_STYLE_ASSIGNMENT((#2185));
#2159=PRESENTATION_STYLE_ASSIGNMENT((#2186));
#2160=PRESENTATION_STYLE_ASSIGNMENT((#2187));
#2161=PRESENTATION_STYLE_ASSIGNMENT((#2188));
#2162=SURFACE_STYLE_USAGE(.BOTH.,#2189);
#2163=SURFACE_STYLE_USAGE(.BOTH.,#2190);
#2164=SURFACE_STYLE_USAGE(.BOTH.,#2191);
#2165=SURFACE_STYLE_USAGE(.BOTH.,#2192);
#2166=SURFACE_STYLE_USAGE(.BOTH.,#2193);
#2167=SURFACE_STYLE_USAGE(.BOTH.,#2194);
#2168=SURFACE_STYLE_USAGE(.BOTH.,#2195);
#2169=SURFACE_STYLE_USAGE(.BOTH.,#2196);
#2170=SURFACE_STYLE_USAGE(.BOTH.,#2197);
#2171=SURFACE_STYLE_USAGE(.BOTH.,#2198);
#2172=SURFACE_STYLE_USAGE(.BOTH.,#2199);
#2173=SURFACE_STYLE_USAGE(.BOTH.,#2200);
#2174=SURFACE_STYLE_USAGE(.BOTH.,#2201);
#2175=SURFACE_STYLE_USAGE(.BOTH.,#2202);
#2176=SURFACE_STYLE_USAGE(.BOTH.,#2203);
#2177=SURFACE_STYLE_USAGE(.BOTH.,#2204);
#2178=SURFACE_STYLE_USAGE(.BOTH.,#2205);
#2179=SURFACE_STYLE_USAGE(.BOTH.,#2206);
#2180=SURFACE_STYLE_USAGE(.BOTH.,#2207);
#2181=SURFACE_STYLE_USAGE(.BOTH.,#2208);
#2182=SURFACE_STYLE_USAGE(.BOTH.,#2209);
#2183=SURFACE_STYLE_USAGE(.BOTH.,#2210);
#2184=SURFACE_STYLE_USAGE(.BOTH.,#2211);
#2185=SURFACE_STYLE_USAGE(.BOTH.,#2212);
#2186=SURFACE_STYLE_USAGE(.BOTH.,#2213);
#2187=SURFACE_STYLE_USAGE(.BOTH.,#2214);
#2188=SURFACE_STYLE_USAGE(.BOTH.,#2215);
#2189=SURFACE_SIDE_STYLE('',(#2216));
#2190=SURFACE_SIDE_STYLE('',(#2217));
#2191=SURFACE_SIDE_STYLE('',(#2218));
#2192=SURFACE_SIDE_STYLE('',(#2219));
#2193=SURFACE_SIDE_STYLE('',(#2220));
#2194=SURFACE_SIDE_STYLE('',(#2221));
#2195=SURFACE_SIDE_STYLE('',(#2222));
#2196=SURFACE_SIDE_STYLE('',(#2223));
#2197=SURFACE_SIDE_STYLE('',(#2224));
#2198=SURFACE_SIDE_STYLE('',(#2225));
#2199=SURFACE_SIDE_STYLE('',(#2226));
#2200=SURFACE_SIDE_STYLE('',(#2227));
#2201=SURFACE_SIDE_STYLE('',(#2228));
#2202=SURFACE_SIDE_STYLE('',(#2229));
#2203=SURFACE_SIDE_STYLE('',(#2230));
#2204=SURFACE_SIDE_STYLE('',(#2231));
#2205=SURFACE_SIDE_STYLE('',(#2232));
#2206=SURFACE_SIDE_STYLE('',(#2233));
#2207=SURFACE_SIDE_STYLE('',(#2234));
#2208=SURFACE_SIDE_STYLE('',(#2235));
#2209=SURFACE_SIDE_STYLE('',(#2236));
#2210=SURFACE_SIDE_STYLE('',(#2237));
#2211=SURFACE_SIDE_STYLE('',(#2238));
#2212=SURFACE_SIDE_STYLE('',(#2239));
#2213=SURFACE_SIDE_STYLE('',(#2240));
#2214=SURFACE_SIDE_STYLE('',(#2241));
#2215=SURFACE_SIDE_STYLE('',(#2242));
#2216=SURFACE_STYLE_FILL_AREA(#2243);
#2217=SURFACE_STYLE_FILL_AREA(#2244);
#2218=SURFACE_STYLE_FILL_AREA(#2245);
#2219=SURFACE_STYLE_FILL_AREA(#2246);
#2220=SURFACE_STYLE_FILL_AREA(#2247);
#2221=SURFACE_STYLE_FILL_AREA(#2248);
#2222=SURFACE_STYLE_FILL_AREA(#2249);
#2223=SURFACE_STYLE_FILL_AREA(#2250);
#2224=SURFACE_STYLE_FILL_AREA(#2251);
#2225=SURFACE_STYLE_FILL_AREA(#2252);
#2226=SURFACE_STYLE_FILL_AREA(#2253);
#2227=SURFACE_STYLE_FILL_AREA(#2254);
#2228=SURFACE_STYLE_FILL_AREA(#2255);
#2229=SURFACE_STYLE_FILL_AREA(#2256);
#2230=SURFACE_STYLE_FILL_AREA(#2257);
#2231=SURFACE_STYLE_FILL_AREA(#2258);
#2232=SURFACE_STYLE_FILL_AREA(#2259);
#2233=SURFACE_STYLE_FILL_AREA(#2260);
#2234=SURFACE_STYLE_FILL_AREA(#2261);
#2235=SURFACE_STYLE_FILL_AREA(#2262);
#2236=SURFACE_STYLE_FILL_AREA(#2263);
#2237=SURFACE_STYLE_FILL_AREA(#2264);
#2238=SURFACE_STYLE_FILL_AREA(#2265);
#2239=SURFACE_STYLE_FILL_AREA(#2266);
#2240=SURFACE_STYLE_FILL_AREA(#2267);
#2241=SURFACE_STYLE_FILL_AREA(#2268);
#2242=SURFACE_STYLE_FILL_AREA(#2269);
#2243=FILL_AREA_STYLE('',(#2270));
#2244=FILL_AREA_STYLE('',(#2271));
#2245=FILL_AREA_STYLE('',(#2272));
#2246=FILL_AREA_STYLE('',(#2273));
#2247=FILL_AREA_STYLE('',(#2274));
#2248=FILL_AREA_STYLE('',(#2275));
#2249=FILL_AREA_STYLE('',(#2276));
#2250=FILL_AREA_STYLE('',(#2277));
#2251=FILL_AREA_STYLE('',(#2278));
#2252=FILL_AREA_STYLE('',(#2279));
#2253=FILL_AREA_STYLE('',(#2280));
#2254=FILL_AREA_STYLE('',(#2281));
#2255=FILL_AREA_STYLE('',(#2282));
#2256=FILL_AREA_STYLE('',(#2283));
#2257=FILL_AREA_STYLE('',(#2284));
#2258=FILL_AREA_STYLE('',(#2285));
#2259=FILL_AREA_STYLE('',(#2286));
#2260=FILL_AREA_STYLE('',(#2287));
#2261=FILL_AREA_STYLE('',(#2288));
#2262=FILL_AREA_STYLE('',(#2289));
#2263=FILL_AREA_STYLE('',(#2290));
#2264=FILL_AREA_STYLE('',(#2291));
#2265=FILL_AREA_STYLE('',(#2292));
#2266=FILL_AREA_STYLE('',(#2293));
#2267=FILL_AREA_STYLE('',(#2294));
#2268=FILL_AREA_STYLE('',(#2295));
#2269=FILL_AREA_STYLE('',(#2296));
#2270=FILL_AREA_STYLE_COLOUR('',#2297);
#2271=FILL_AREA_STYLE_COLOUR('',#34);
#2272=FILL_AREA_STYLE_COLOUR('',#2297);
#2273=FILL_AREA_STYLE_COLOUR('',#2297);
#2274=FILL_AREA_STYLE_COLOUR('',#2297);
#2275=FILL_AREA_STYLE_COLOUR('',#2297);
#2276=FILL_AREA_STYLE_COLOUR('',#2297);
#2277=FILL_AREA_STYLE_COLOUR('',#2297);
#2278=FILL_AREA_STYLE_COLOUR('',#2297);
#2279=FILL_AREA_STYLE_COLOUR('',#2297);
#2280=FILL_AREA_STYLE_COLOUR('',#2297);
#2281=FILL_AREA_STYLE_COLOUR('',#2297);
#2282=FILL_AREA_STYLE_COLOUR('',#2297);
#2283=FILL_AREA_STYLE_COLOUR('',#2297);
#2284=FILL_AREA_STYLE_COLOUR('',#2297);
#2285=FILL_AREA_STYLE_COLOUR('',#2297);
#2286=FILL_AREA_STYLE_COLOUR('',#2297);
#2287=FILL_AREA_STYLE_COLOUR('',#2297);
#2288=FILL_AREA_STYLE_COLOUR('',#2297);
#2289=FILL_AREA_STYLE_COLOUR('',#2297);
#2290=FILL_AREA_STYLE_COLOUR('',#2297);
#2291=FILL_AREA_STYLE_COLOUR('',#2297);
#2292=FILL_AREA_STYLE_COLOUR('',#2297);
#2293=FILL_AREA_STYLE_COLOUR('',#2297);
#2294=FILL_AREA_STYLE_COLOUR('',#2297);
#2295=FILL_AREA_STYLE_COLOUR('',#2297);
#2296=FILL_AREA_STYLE_COLOUR('',#2297);
#2297=DRAUGHTING_PRE_DEFINED_COLOUR('red');
#2298=MANIFOLD_SOLID_BREP('Part 64',#2129);
#2299=MANIFOLD_SOLID_BREP('Part 65',#2130);
#2300=MANIFOLD_SOLID_BREP('Part 67',#2131);
#2301=SHAPE_DEFINITION_REPRESENTATION(#3653,#2304);
#2302=SHAPE_DEFINITION_REPRESENTATION(#3654,#2305);
#2303=SHAPE_DEFINITION_REPRESENTATION(#3655,#2306);
#2304=SHAPE_REPRESENTATION('Part 64',(#2307),#3638);
#2305=SHAPE_REPRESENTATION('Part 65',(#2427),#3639);
#2306=SHAPE_REPRESENTATION('Part 67',(#2460),#3640);
#2307=AXIS2_PLACEMENT_3D('',#3034,#2468,#2469);
#2308=AXIS2_PLACEMENT_3D('',#3035,#2470,#2471);
#2309=AXIS2_PLACEMENT_3D('',#3059,#2483,#2484);
#2310=AXIS2_PLACEMENT_3D('',#3063,#2486,#2487);
#2311=AXIS2_PLACEMENT_3D('',#3067,#2489,#2490);
#2312=AXIS2_PLACEMENT_3D('',#3071,#2492,#2493);
#2313=AXIS2_PLACEMENT_3D('',#3072,#2494,#2495);
#2314=AXIS2_PLACEMENT_3D('',#3081,#2500,#2501);
#2315=AXIS2_PLACEMENT_3D('',#3086,#2503,#2504);
#2316=AXIS2_PLACEMENT_3D('',#3090,#2506,#2507);
#2317=AXIS2_PLACEMENT_3D('',#3094,#2509,#2510);
#2318=AXIS2_PLACEMENT_3D('',#3097,#2512,#2513);
#2319=AXIS2_PLACEMENT_3D('',#3106,#2518,#2519);
#2320=AXIS2_PLACEMENT_3D('',#3111,#2521,#2522);
#2321=AXIS2_PLACEMENT_3D('',#3115,#2524,#2525);
#2322=AXIS2_PLACEMENT_3D('',#3119,#2527,#2528);
#2323=AXIS2_PLACEMENT_3D('',#3122,#2530,#2531);
#2324=AXIS2_PLACEMENT_3D('',#3134,#2537,#2538);
#2325=AXIS2_PLACEMENT_3D('',#3138,#2540,#2541);
#2326=AXIS2_PLACEMENT_3D('',#3142,#2543,#2544);
#2327=AXIS2_PLACEMENT_3D('',#3146,#2546,#2547);
#2328=AXIS2_PLACEMENT_3D('',#3147,#2548,#2549);
#2329=AXIS2_PLACEMENT_3D('',#3156,#2554,#2555);
#2330=AXIS2_PLACEMENT_3D('',#3161,#2557,#2558);
#2331=AXIS2_PLACEMENT_3D('',#3165,#2560,#2561);
#2332=AXIS2_PLACEMENT_3D('',#3169,#2563,#2564);
#2333=AXIS2_PLACEMENT_3D('',#3172,#2566,#2567);
#2334=AXIS2_PLACEMENT_3D('',#3177,#2569,#2570);
#2335=AXIS2_PLACEMENT_3D('',#3181,#2572,#2573);
#2336=AXIS2_PLACEMENT_3D('',#3185,#2575,#2576);
#2337=AXIS2_PLACEMENT_3D('',#3188,#2578,#2579);
#2338=AXIS2_PLACEMENT_3D('',#3193,#2581,#2582);
#2339=AXIS2_PLACEMENT_3D('',#3197,#2584,#2585);
#2340=AXIS2_PLACEMENT_3D('',#3201,#2587,#2588);
#2341=AXIS2_PLACEMENT_3D('',#3204,#2590,#2591);
#2342=AXIS2_PLACEMENT_3D('',#3213,#2596,#2597);
#2343=AXIS2_PLACEMENT_3D('',#3218,#2599,#2600);
#2344=AXIS2_PLACEMENT_3D('',#3222,#2602,#2603);
#2345=AXIS2_PLACEMENT_3D('',#3226,#2605,#2606);
#2346=AXIS2_PLACEMENT_3D('',#3229,#2608,#2609);
#2347=AXIS2_PLACEMENT_3D('',#3234,#2611,#2612);
#2348=AXIS2_PLACEMENT_3D('',#3238,#2614,#2615);
#2349=AXIS2_PLACEMENT_3D('',#3242,#2617,#2618);
#2350=AXIS2_PLACEMENT_3D('',#3245,#2620,#2621);
#2351=AXIS2_PLACEMENT_3D('',#3250,#2623,#2624);
#2352=AXIS2_PLACEMENT_3D('',#3254,#2626,#2627);
#2353=AXIS2_PLACEMENT_3D('',#3258,#2629,#2630);
#2354=AXIS2_PLACEMENT_3D('',#3261,#2632,#2633);
#2355=AXIS2_PLACEMENT_3D('',#3272,#2639,#2640);
#2356=AXIS2_PLACEMENT_3D('',#3276,#2643,#2644);
#2357=AXIS2_PLACEMENT_3D('',#3287,#2650,#2651);
#2358=AXIS2_PLACEMENT_3D('',#3291,#2654,#2655);
#2359=AXIS2_PLACEMENT_3D('',#3329,#2679,#2680);
#2360=AXIS2_PLACEMENT_3D('',#3333,#2683,#2684);
#2361=AXIS2_PLACEMENT_3D('',#3337,#2687,#2688);
#2362=AXIS2_PLACEMENT_3D('',#3339,#2690,#2691);
#2363=AXIS2_PLACEMENT_3D('',#3341,#2693,#2694);
#2364=AXIS2_PLACEMENT_3D('',#3345,#2697,#2698);
#2365=AXIS2_PLACEMENT_3D('',#3349,#2701,#2702);
#2366=AXIS2_PLACEMENT_3D('',#3353,#2705,#2706);
#2367=AXIS2_PLACEMENT_3D('',#3357,#2709,#2710);
#2368=AXIS2_PLACEMENT_3D('',#3361,#2713,#2714);
#2369=AXIS2_PLACEMENT_3D('',#3365,#2717,#2718);
#2370=AXIS2_PLACEMENT_3D('',#3369,#2721,#2722);
#2371=AXIS2_PLACEMENT_3D('',#3373,#2725,#2726);
#2372=AXIS2_PLACEMENT_3D('',#3377,#2729,#2730);
#2373=AXIS2_PLACEMENT_3D('',#3381,#2733,#2734);
#2374=AXIS2_PLACEMENT_3D('',#3383,#2736,#2737);
#2375=AXIS2_PLACEMENT_3D('',#3385,#2739,#2740);
#2376=AXIS2_PLACEMENT_3D('',#3389,#2743,#2744);
#2377=AXIS2_PLACEMENT_3D('',#3393,#2747,#2748);
#2378=AXIS2_PLACEMENT_3D('',#3395,#2750,#2751);
#2379=AXIS2_PLACEMENT_3D('',#3397,#2753,#2754);
#2380=AXIS2_PLACEMENT_3D('',#3398,#2755,#2756);
#2381=AXIS2_PLACEMENT_3D('',#3400,#2758,#2759);
#2382=AXIS2_PLACEMENT_3D('',#3402,#2761,#2762);
#2383=AXIS2_PLACEMENT_3D('',#3404,#2764,#2765);
#2384=AXIS2_PLACEMENT_3D('',#3406,#2767,#2768);
#2385=AXIS2_PLACEMENT_3D('',#3408,#2770,#2771);
#2386=AXIS2_PLACEMENT_3D('',#3410,#2773,#2774);
#2387=AXIS2_PLACEMENT_3D('',#3411,#2775,#2776);
#2388=AXIS2_PLACEMENT_3D('',#3414,#2779,#2780);
#2389=AXIS2_PLACEMENT_3D('',#3416,#2782,#2783);
#2390=AXIS2_PLACEMENT_3D('',#3418,#2785,#2786);
#2391=AXIS2_PLACEMENT_3D('',#3420,#2788,#2789);
#2392=AXIS2_PLACEMENT_3D('',#3422,#2791,#2792);
#2393=AXIS2_PLACEMENT_3D('',#3424,#2794,#2795);
#2394=AXIS2_PLACEMENT_3D('',#3426,#2797,#2798);
#2395=AXIS2_PLACEMENT_3D('',#3427,#2799,#2800);
#2396=AXIS2_PLACEMENT_3D('',#3430,#2803,#2804);
#2397=AXIS2_PLACEMENT_3D('',#3432,#2806,#2807);
#2398=AXIS2_PLACEMENT_3D('',#3434,#2809,#2810);
#2399=AXIS2_PLACEMENT_3D('',#3436,#2812,#2813);
#2400=AXIS2_PLACEMENT_3D('',#3438,#2815,#2816);
#2401=AXIS2_PLACEMENT_3D('',#3440,#2818,#2819);
#2402=AXIS2_PLACEMENT_3D('',#3442,#2821,#2822);
#2403=AXIS2_PLACEMENT_3D('',#3443,#2823,#2824);
#2404=AXIS2_PLACEMENT_3D('',#3446,#2827,#2828);
#2405=AXIS2_PLACEMENT_3D('',#3448,#2830,#2831);
#2406=AXIS2_PLACEMENT_3D('',#3450,#2833,#2834);
#2407=AXIS2_PLACEMENT_3D('',#3452,#2836,#2837);
#2408=AXIS2_PLACEMENT_3D('',#3454,#2839,#2840);
#2409=AXIS2_PLACEMENT_3D('',#3456,#2842,#2843);
#2410=AXIS2_PLACEMENT_3D('',#3458,#2845,#2846);
#2411=AXIS2_PLACEMENT_3D('',#3459,#2847,#2848);
#2412=AXIS2_PLACEMENT_3D('',#3462,#2851,#2852);
#2413=AXIS2_PLACEMENT_3D('',#3464,#2854,#2855);
#2414=AXIS2_PLACEMENT_3D('',#3466,#2857,#2858);
#2415=AXIS2_PLACEMENT_3D('',#3468,#2860,#2861);
#2416=AXIS2_PLACEMENT_3D('',#3470,#2863,#2864);
#2417=AXIS2_PLACEMENT_3D('',#3472,#2866,#2867);
#2418=AXIS2_PLACEMENT_3D('',#3474,#2869,#2870);
#2419=AXIS2_PLACEMENT_3D('',#3475,#2871,#2872);
#2420=AXIS2_PLACEMENT_3D('',#3478,#2875,#2876);
#2421=AXIS2_PLACEMENT_3D('',#3480,#2878,#2879);
#2422=AXIS2_PLACEMENT_3D('',#3482,#2881,#2882);
#2423=AXIS2_PLACEMENT_3D('',#3484,#2884,#2885);
#2424=AXIS2_PLACEMENT_3D('',#3486,#2887,#2888);
#2425=AXIS2_PLACEMENT_3D('',#3488,#2890,#2891);
#2426=AXIS2_PLACEMENT_3D('',#3490,#2893,#2894);
#2427=AXIS2_PLACEMENT_3D('',#3491,#2895,#2896);
#2428=AXIS2_PLACEMENT_3D('',#3492,#2897,#2898);
#2429=AXIS2_PLACEMENT_3D('',#3501,#2903,#2904);
#2430=AXIS2_PLACEMENT_3D('',#3507,#2908,#2909);
#2431=AXIS2_PLACEMENT_3D('',#3513,#2913,#2914);
#2432=AXIS2_PLACEMENT_3D('',#3519,#2918,#2919);
#2433=AXIS2_PLACEMENT_3D('',#3525,#2923,#2924);
#2434=AXIS2_PLACEMENT_3D('',#3531,#2928,#2929);
#2435=AXIS2_PLACEMENT_3D('',#3537,#2933,#2934);
#2436=AXIS2_PLACEMENT_3D('',#3543,#2938,#2939);
#2437=AXIS2_PLACEMENT_3D('',#3549,#2943,#2944);
#2438=AXIS2_PLACEMENT_3D('',#3555,#2948,#2949);
#2439=AXIS2_PLACEMENT_3D('',#3561,#2953,#2954);
#2440=AXIS2_PLACEMENT_3D('',#3567,#2958,#2959);
#2441=AXIS2_PLACEMENT_3D('',#3573,#2963,#2964);
#2442=AXIS2_PLACEMENT_3D('',#3576,#2967,#2968);
#2443=AXIS2_PLACEMENT_3D('',#3577,#2969,#2970);
#2444=AXIS2_PLACEMENT_3D('',#3579,#2971,#2972);
#2445=AXIS2_PLACEMENT_3D('',#3581,#2973,#2974);
#2446=AXIS2_PLACEMENT_3D('',#3583,#2975,#2976);
#2447=AXIS2_PLACEMENT_3D('',#3585,#2977,#2978);
#2448=AXIS2_PLACEMENT_3D('',#3586,#2979,#2980);
#2449=AXIS2_PLACEMENT_3D('',#3587,#2981,#2982);
#2450=AXIS2_PLACEMENT_3D('',#3589,#2983,#2984);
#2451=AXIS2_PLACEMENT_3D('',#3590,#2985,#2986);
#2452=AXIS2_PLACEMENT_3D('',#3591,#2987,#2988);
#2453=AXIS2_PLACEMENT_3D('',#3593,#2989,#2990);
#2454=AXIS2_PLACEMENT_3D('',#3594,#2991,#2992);
#2455=AXIS2_PLACEMENT_3D('',#3595,#2993,#2994);
#2456=AXIS2_PLACEMENT_3D('',#3597,#2995,#2996);
#2457=AXIS2_PLACEMENT_3D('',#3598,#2997,#2998);
#2458=AXIS2_PLACEMENT_3D('',#3599,#2999,#3000);
#2459=AXIS2_PLACEMENT_3D('',#3601,#3001,#3002);
#2460=AXIS2_PLACEMENT_3D('',#3602,#3003,#3004);
#2461=AXIS2_PLACEMENT_3D('',#3603,#3005,#3006);
#2462=AXIS2_PLACEMENT_3D('',#3612,#3011,#3012);
#2463=AXIS2_PLACEMENT_3D('',#3620,#3017,#3018);
#2464=AXIS2_PLACEMENT_3D('',#3628,#3023,#3024);
#2465=AXIS2_PLACEMENT_3D('',#3630,#3026,#3027);
#2466=AXIS2_PLACEMENT_3D('',#3633,#3030,#3031);
#2467=AXIS2_PLACEMENT_3D('',#3634,#3032,#3033);
#2468=DIRECTION('',(0.,0.,1.));
#2469=DIRECTION('',(1.,0.,0.));
#2470=DIRECTION('',(0.,1.,0.));
#2471=DIRECTION('',(0.,0.,1.));
#2472=DIRECTION('',(0.,0.,-1.));
#2473=DIRECTION('',(1.,0.,0.));
#2474=DIRECTION('',(0.,0.,-1.));
#2475=DIRECTION('',(1.,0.,0.));
#2476=DIRECTION('',(0.,0.,-1.));
#2477=DIRECTION('',(1.,0.,0.));
#2478=DIRECTION('',(0.,0.,-1.));
#2479=DIRECTION('',(0.,0.,-1.));
#2480=DIRECTION('',(1.,0.,0.));
#2481=DIRECTION('',(0.,0.,-1.));
#2482=DIRECTION('',(1.,0.,1.39988611951107E-16));
#2483=DIRECTION('',(0.,1.,0.));
#2484=DIRECTION('',(0.,0.,1.));
#2485=DIRECTION('',(0.,0.,1.));
#2486=DIRECTION('',(0.,1.,0.));
#2487=DIRECTION('',(0.,0.,1.));
#2488=DIRECTION('',(1.,0.,0.));
#2489=DIRECTION('',(0.,1.,0.));
#2490=DIRECTION('',(0.,0.,1.));
#2491=DIRECTION('',(0.,0.,1.));
#2492=DIRECTION('',(0.,1.,0.));
#2493=DIRECTION('',(0.,0.,1.));
#2494=DIRECTION('',(0.,1.,0.));
#2495=DIRECTION('',(0.,0.,1.));
#2496=DIRECTION('',(1.,0.,0.));
#2497=DIRECTION('',(0.,0.,-1.));
#2498=DIRECTION('',(1.,0.,0.));
#2499=DIRECTION('',(0.,0.,-1.));
#2500=DIRECTION('',(0.,1.,0.));
#2501=DIRECTION('',(0.,0.,1.));
#2502=DIRECTION('',(1.,0.,1.39988611951107E-16));
#2503=DIRECTION('',(0.,1.,0.));
#2504=DIRECTION('',(0.,0.,1.));
#2505=DIRECTION('',(0.,0.,1.));
#2506=DIRECTION('',(0.,1.,0.));
#2507=DIRECTION('',(0.,0.,1.));
#2508=DIRECTION('',(1.,0.,0.));
#2509=DIRECTION('',(0.,1.,0.));
#2510=DIRECTION('',(0.,0.,1.));
#2511=DIRECTION('',(0.,0.,1.));
#2512=DIRECTION('',(1.,-4.93806401560891E-14,0.));
#2513=DIRECTION('',(4.93806401560891E-14,1.,0.));
#2514=DIRECTION('',(-4.93806401560891E-14,-1.,0.));
#2515=DIRECTION('',(0.,0.,-1.));
#2516=DIRECTION('',(-4.93806401560891E-14,-1.,0.));
#2517=DIRECTION('',(0.,0.,-1.));
#2518=DIRECTION('',(1.,-4.93806401560891E-14,0.));
#2519=DIRECTION('',(4.93806401560891E-14,1.,0.));
#2520=DIRECTION('',(-2.30726142970144E-30,-4.67240080810685E-17,1.));
#2521=DIRECTION('',(1.,-4.93806401560891E-14,0.));
#2522=DIRECTION('',(4.93806401560891E-14,1.,0.));
#2523=DIRECTION('',(-4.93806401560891E-14,-1.,0.));
#2524=DIRECTION('',(1.,-4.93806401560891E-14,0.));
#2525=DIRECTION('',(4.93806401560891E-14,1.,0.));
#2526=DIRECTION('',(0.,0.,1.));
#2527=DIRECTION('',(1.,-4.93806401560891E-14,0.));
#2528=DIRECTION('',(4.93806401560891E-14,1.,0.));
#2529=DIRECTION('',(-4.93806401560891E-14,-1.,0.));
#2530=DIRECTION('',(1.,-4.93943298030819E-14,0.));
#2531=DIRECTION('',(4.93943298030819E-14,1.,0.));
#2532=DIRECTION('',(-4.93943298030819E-14,-1.,0.));
#2533=DIRECTION('',(0.,0.,-1.));
#2534=DIRECTION('',(-4.93943298030819E-14,-1.,0.));
#2535=DIRECTION('',(0.,0.,-1.));
#2536=DIRECTION('',(-2.30790106487816E-30,-4.67240080810685E-17,1.));
#2537=DIRECTION('',(1.,-4.93943298030819E-14,0.));
#2538=DIRECTION('',(4.93943298030819E-14,1.,0.));
#2539=DIRECTION('',(-4.93943298030819E-14,-1.,0.));
#2540=DIRECTION('',(1.,-4.93943298030819E-14,0.));
#2541=DIRECTION('',(4.93943298030819E-14,1.,0.));
#2542=DIRECTION('',(0.,0.,1.));
#2543=DIRECTION('',(1.,-4.93943298030819E-14,0.));
#2544=DIRECTION('',(4.93943298030819E-14,1.,0.));
#2545=DIRECTION('',(-4.93943298030819E-14,-1.,0.));
#2546=DIRECTION('',(1.,-4.93943298030819E-14,0.));
#2547=DIRECTION('',(4.93943298030819E-14,1.,0.));
#2548=DIRECTION('',(1.00389732811685E-14,-1.,0.));
#2549=DIRECTION('',(1.,1.00389732811685E-14,0.));
#2550=DIRECTION('',(-1.,-1.00389732811685E-14,0.));
#2551=DIRECTION('',(0.,0.,-1.));
#2552=DIRECTION('',(-1.,-1.00389732811685E-14,0.));
#2553=DIRECTION('',(0.,0.,-1.));
#2554=DIRECTION('',(1.00389732811685E-14,-1.,0.));
#2555=DIRECTION('',(1.,1.00389732811685E-14,0.));
#2556=DIRECTION('',(0.,0.,1.));
#2557=DIRECTION('',(1.00389732811685E-14,-1.,0.));
#2558=DIRECTION('',(1.,1.00389732811685E-14,0.));
#2559=DIRECTION('',(-1.,-1.00389732811685E-14,0.));
#2560=DIRECTION('',(1.00389732811685E-14,-1.,0.));
#2561=DIRECTION('',(1.,1.00389732811685E-14,0.));
#2562=DIRECTION('',(0.,0.,1.));
#2563=DIRECTION('',(1.00389732811685E-14,-1.,0.));
#2564=DIRECTION('',(1.,1.00389732811685E-14,0.));
#2565=DIRECTION('',(-1.,-1.00389732811685E-14,0.));
#2566=DIRECTION('',(1.00389732811685E-14,-1.,0.));
#2567=DIRECTION('',(1.,1.00389732811685E-14,0.));
#2568=DIRECTION('',(-1.,-1.00389732811685E-14,0.));
#2569=DIRECTION('',(1.00389732811685E-14,-1.,0.));
#2570=DIRECTION('',(1.,1.00389732811685E-14,0.));
#2571=DIRECTION('',(0.,0.,1.));
#2572=DIRECTION('',(1.00389732811685E-14,-1.,0.));
#2573=DIRECTION('',(1.,1.00389732811685E-14,0.));
#2574=DIRECTION('',(-1.,-1.00389732811685E-14,0.));
#2575=DIRECTION('',(1.00389732811685E-14,-1.,0.));
#2576=DIRECTION('',(1.,1.00389732811685E-14,0.));
#2577=DIRECTION('',(0.,0.,1.));
#2578=DIRECTION('',(1.00389732811685E-14,-1.,0.));
#2579=DIRECTION('',(1.,1.00389732811685E-14,0.));
#2580=DIRECTION('',(-1.,-1.00389732811685E-14,0.));
#2581=DIRECTION('',(1.00389732811685E-14,-1.,0.));
#2582=DIRECTION('',(1.,1.00389732811685E-14,0.));
#2583=DIRECTION('',(0.,0.,1.));
#2584=DIRECTION('',(1.00389732811685E-14,-1.,0.));
#2585=DIRECTION('',(1.,1.00389732811685E-14,0.));
#2586=DIRECTION('',(-1.,-1.00389732811685E-14,0.));
#2587=DIRECTION('',(1.00389732811685E-14,-1.,0.));
#2588=DIRECTION('',(1.,1.00389732811685E-14,0.));
#2589=DIRECTION('',(0.,0.,1.));
#2590=DIRECTION('',(-2.08837225477538E-14,1.,0.));
#2591=DIRECTION('',(-1.,-2.08837225477538E-14,0.));
#2592=DIRECTION('',(1.,2.08837225477538E-14,0.));
#2593=DIRECTION('',(0.,0.,-1.));
#2594=DIRECTION('',(1.,2.08837225477538E-14,0.));
#2595=DIRECTION('',(0.,0.,-1.));
#2596=DIRECTION('',(-2.08837225477538E-14,1.,0.));
#2597=DIRECTION('',(-1.,-2.08837225477538E-14,0.));
#2598=DIRECTION('',(0.,0.,-1.));
#2599=DIRECTION('',(-2.08837225477538E-14,1.,0.));
#2600=DIRECTION('',(-1.,-2.08837225477538E-14,0.));
#2601=DIRECTION('',(1.,2.08837225477538E-14,0.));
#2602=DIRECTION('',(-2.08837225477538E-14,1.,0.));
#2603=DIRECTION('',(-1.,-2.08837225477538E-14,0.));
#2604=DIRECTION('',(0.,0.,-1.));
#2605=DIRECTION('',(-2.08837225477538E-14,1.,0.));
#2606=DIRECTION('',(-1.,-2.08837225477538E-14,0.));
#2607=DIRECTION('',(1.,2.08837225477538E-14,0.));
#2608=DIRECTION('',(-2.08837225477538E-14,1.,0.));
#2609=DIRECTION('',(-1.,-2.08837225477538E-14,0.));
#2610=DIRECTION('',(1.,2.08837225477538E-14,0.));
#2611=DIRECTION('',(-2.08837225477538E-14,1.,0.));
#2612=DIRECTION('',(-1.,-2.08837225477538E-14,0.));
#2613=DIRECTION('',(0.,0.,-1.));
#2614=DIRECTION('',(-2.08837225477538E-14,1.,0.));
#2615=DIRECTION('',(-1.,-2.08837225477538E-14,0.));
#2616=DIRECTION('',(1.,2.08837225477538E-14,0.));
#2617=DIRECTION('',(-2.08837225477538E-14,1.,0.));
#2618=DIRECTION('',(-1.,-2.08837225477538E-14,0.));
#2619=DIRECTION('',(0.,0.,-1.));
#2620=DIRECTION('',(-2.08837225477538E-14,1.,0.));
#2621=DIRECTION('',(-1.,-2.08837225477538E-14,0.));
#2622=DIRECTION('',(1.,2.08837225477538E-14,0.));
#2623=DIRECTION('',(-2.08837225477538E-14,1.,0.));
#2624=DIRECTION('',(-1.,-2.08837225477538E-14,0.));
#2625=DIRECTION('',(0.,0.,-1.));
#2626=DIRECTION('',(-2.08837225477538E-14,1.,0.));
#2627=DIRECTION('',(-1.,-2.08837225477538E-14,0.));
#2628=DIRECTION('',(1.,2.08837225477538E-14,0.));
#2629=DIRECTION('',(-2.08837225477538E-14,1.,0.));
#2630=DIRECTION('',(-1.,-2.08837225477538E-14,0.));
#2631=DIRECTION('',(0.,0.,-1.));
#2632=DIRECTION('',(1.,0.,0.));
#2633=DIRECTION('',(0.,1.,0.));
#2634=DIRECTION('',(0.,0.,1.));
#2635=DIRECTION('',(0.,1.,0.));
#2636=DIRECTION('',(0.,-0.90630778703665,-0.4226182617407));
#2637=DIRECTION('',(0.,-0.4226182617407,0.90630778703665));
#2638=DIRECTION('',(0.,1.,0.));
#2639=DIRECTION('',(1.,0.,0.));
#2640=DIRECTION('',(0.,1.,0.));
#2641=DIRECTION('',(0.,-0.90630778703665,-0.4226182617407));
#2642=DIRECTION('',(0.,-1.,0.));
#2643=DIRECTION('',(1.,0.,0.));
#2644=DIRECTION('',(0.,1.,0.));
#2645=DIRECTION('',(0.,-0.4226182617407,0.90630778703665));
#2646=DIRECTION('',(0.,-0.90630778703665,-0.4226182617407));
#2647=DIRECTION('',(0.,1.,0.));
#2648=DIRECTION('',(0.,0.,1.));
#2649=DIRECTION('',(0.,1.,0.));
#2650=DIRECTION('',(1.,0.,0.));
#2651=DIRECTION('',(0.,1.,0.));
#2652=DIRECTION('',(0.,-0.90630778703665,-0.4226182617407));
#2653=DIRECTION('',(0.,-1.,0.));
#2654=DIRECTION('',(0.,0.,1.));
#2655=DIRECTION('',(1.,0.,0.));
#2656=DIRECTION('',(0.923879477301944,0.382683565652206,0.));
#2657=DIRECTION('',(0.707106781186548,0.707106781186548,0.));
#2658=DIRECTION('',(-0.382683515670774,-0.923879498004938,0.));
#2659=DIRECTION('',(0.,1.,0.));
#2660=DIRECTION('',(0.749328631778668,-0.662198309871529,0.));
#2661=DIRECTION('',(0.699838707237437,0.714300905677876,0.));
#2662=DIRECTION('',(-0.382683515670125,0.923879498005207,0.));
#2663=DIRECTION('',(0.707106781186548,-0.707106781186548,0.));
#2664=DIRECTION('',(0.923879477302253,-0.38268356565146,0.));
#2665=DIRECTION('',(0.,1.,0.));
#2666=DIRECTION('',(1.,0.,0.));
#2667=DIRECTION('',(0.,1.,0.));
#2668=DIRECTION('',(0.923879477302253,-0.38268356565146,0.));
#2669=DIRECTION('',(0.707106781186548,-0.707106781186548,0.));
#2670=DIRECTION('',(-0.382683515670125,0.923879498005207,0.));
#2671=DIRECTION('',(0.699838707237437,0.714300905677876,0.));
#2672=DIRECTION('',(0.942566200013534,-0.334019398526562,0.));
#2673=DIRECTION('',(-0.999997395370054,0.00228237882655442,0.));
#2674=DIRECTION('',(0.728053047841573,-0.685520794380883,0.));
#2675=DIRECTION('',(0.000362970958076243,-0.99999993412604,0.));
#2676=DIRECTION('',(-0.382683515670774,-0.923879498004938,0.));
#2677=DIRECTION('',(0.707106781186548,0.707106781186548,0.));
#2678=DIRECTION('',(0.923879477301944,0.382683565652207,0.));
#2679=DIRECTION('',(0.38268356565146,0.923879477302253,0.));
#2680=DIRECTION('',(-0.923879477302253,0.38268356565146,0.));
#2681=DIRECTION('',(0.923879477302253,-0.38268356565146,0.));
#2682=DIRECTION('',(0.,0.,-1.));
#2683=DIRECTION('',(0.707106781186548,0.707106781186547,0.));
#2684=DIRECTION('',(-0.707106781186548,0.707106781186548,0.));
#2685=DIRECTION('',(0.707106781186548,-0.707106781186548,0.));
#2686=DIRECTION('',(0.,0.,-1.));
#2687=DIRECTION('',(-0.923879498005207,-0.382683515670125,0.));
#2688=DIRECTION('',(0.382683515670125,-0.923879498005207,0.));
#2689=DIRECTION('',(-0.382683515670125,0.923879498005207,0.));
#2690=DIRECTION('',(-0.714300905677876,0.699838707237437,0.));
#2691=DIRECTION('',(-0.699838707237437,-0.714300905677876,0.));
#2692=DIRECTION('',(0.699838707237437,0.714300905677876,0.));
#2693=DIRECTION('',(0.334019398526562,0.942566200013534,0.));
#2694=DIRECTION('',(-0.942566200013534,0.334019398526562,0.));
#2695=DIRECTION('',(0.942566200013534,-0.334019398526562,0.));
#2696=DIRECTION('',(0.,0.,-1.));
#2697=DIRECTION('',(-0.00228237882655442,-0.999997395370054,0.));
#2698=DIRECTION('',(0.999997395370054,-0.00228237882655442,0.));
#2699=DIRECTION('',(-0.999997395370054,0.00228237882655442,0.));
#2700=DIRECTION('',(0.,0.,-1.));
#2701=DIRECTION('',(0.685520794380883,0.728053047841572,0.));
#2702=DIRECTION('',(-0.728053047841573,0.685520794380883,0.));
#2703=DIRECTION('',(0.728053047841573,-0.685520794380883,0.));
#2704=DIRECTION('',(0.,0.,-1.));
#2705=DIRECTION('',(0.99999993412604,0.000362970958076243,0.));
#2706=DIRECTION('',(-0.000362970958076243,0.99999993412604,0.));
#2707=DIRECTION('',(0.000362970958076243,-0.99999993412604,0.));
#2708=DIRECTION('',(0.,0.,-1.));
#2709=DIRECTION('',(0.923879498004938,-0.382683515670774,0.));
#2710=DIRECTION('',(0.382683515670774,0.923879498004938,0.));
#2711=DIRECTION('',(-0.382683515670774,-0.923879498004938,0.));
#2712=DIRECTION('',(0.,0.,-1.));
#2713=DIRECTION('',(-0.707106781186547,0.707106781186548,0.));
#2714=DIRECTION('',(-0.707106781186548,-0.707106781186547,0.));
#2715=DIRECTION('',(0.707106781186548,0.707106781186548,0.));
#2716=DIRECTION('',(0.,0.,-1.));
#2717=DIRECTION('',(-0.382683565652206,0.923879477301944,0.));
#2718=DIRECTION('',(-0.923879477301944,-0.382683565652206,0.));
#2719=DIRECTION('',(0.923879477301944,0.382683565652206,0.));
#2720=DIRECTION('',(0.,0.,-1.));
#2721=DIRECTION('',(-0.707106781186548,0.707106781186548,0.));
#2722=DIRECTION('',(-0.707106781186548,-0.707106781186548,0.));
#2723=DIRECTION('',(0.707106781186548,0.707106781186548,0.));
#2724=DIRECTION('',(0.,0.,-1.));
#2725=DIRECTION('',(0.923879498004938,-0.382683515670774,0.));
#2726=DIRECTION('',(0.382683515670774,0.923879498004938,0.));
#2727=DIRECTION('',(-0.382683515670774,-0.923879498004938,0.));
#2728=DIRECTION('',(0.,0.,-1.));
#2729=DIRECTION('',(-1.,0.,0.));
#2730=DIRECTION('',(0.,0.,1.));
#2731=DIRECTION('',(0.,1.,0.));
#2732=DIRECTION('',(0.,0.,-1.));
#2733=DIRECTION('',(0.662198309871529,0.749328631778668,0.));
#2734=DIRECTION('',(-0.749328631778668,0.662198309871529,0.));
#2735=DIRECTION('',(0.749328631778668,-0.662198309871529,0.));
#2736=DIRECTION('',(-0.714300905677876,0.699838707237437,0.));
#2737=DIRECTION('',(-0.699838707237437,-0.714300905677876,0.));
#2738=DIRECTION('',(0.699838707237437,0.714300905677876,0.));
#2739=DIRECTION('',(-0.923879498005207,-0.382683515670125,0.));
#2740=DIRECTION('',(0.382683515670125,-0.923879498005207,0.));
#2741=DIRECTION('',(-0.382683515670125,0.923879498005207,0.));
#2742=DIRECTION('',(0.,0.,-1.));
#2743=DIRECTION('',(0.707106781186548,0.707106781186547,0.));
#2744=DIRECTION('',(-0.707106781186548,0.707106781186548,0.));
#2745=DIRECTION('',(0.707106781186548,-0.707106781186548,0.));
#2746=DIRECTION('',(0.,0.,-1.));
#2747=DIRECTION('',(0.38268356565146,0.923879477302253,0.));
#2748=DIRECTION('',(-0.923879477302253,0.38268356565146,0.));
#2749=DIRECTION('',(0.923879477302253,-0.38268356565146,0.));
#2750=DIRECTION('',(-0.382683565652207,0.923879477301944,0.));
#2751=DIRECTION('',(-0.923879477301944,-0.382683565652207,0.));
#2752=DIRECTION('',(0.923879477301944,0.382683565652207,0.));
#2753=DIRECTION('',(0.,0.,1.));
#2754=DIRECTION('',(1.,0.,0.));
#2755=DIRECTION('',(0.,0.,1.));
#2756=DIRECTION('',(1.,0.,0.));
#2757=DIRECTION('',(1.,0.,0.));
#2758=DIRECTION('',(-1.,0.,0.));
#2759=DIRECTION('',(0.,-0.4226182617407,0.906307787036649));
#2760=DIRECTION('',(0.,-0.90630778703665,-0.4226182617407));
#2761=DIRECTION('',(-1.,0.,0.));
#2762=DIRECTION('',(0.,1.,0.));
#2763=DIRECTION('',(0.,-0.90630778703665,-0.4226182617407));
#2764=DIRECTION('',(0.,-0.4226182617407,0.90630778703665));
#2765=DIRECTION('',(1.,0.,0.));
#2766=DIRECTION('',(1.,0.,0.));
#2767=DIRECTION('',(0.,0.90630778703665,0.4226182617407));
#2768=DIRECTION('',(0.,-0.4226182617407,0.90630778703665));
#2769=DIRECTION('',(1.,0.,0.));
#2770=DIRECTION('',(0.,0.,-1.));
#2771=DIRECTION('',(-1.,0.,0.));
#2772=DIRECTION('',(1.,0.,0.));
#2773=DIRECTION('',(0.,1.,0.));
#2774=DIRECTION('',(0.,0.,1.));
#2775=DIRECTION('',(1.,0.,0.));
#2776=DIRECTION('',(0.,0.,-1.));
#2777=DIRECTION('',(0.,1.,0.));
#2778=DIRECTION('',(0.,1.,0.));
#2779=DIRECTION('',(0.,1.,0.));
#2780=DIRECTION('',(0.,0.,1.));
#2781=DIRECTION('',(0.,1.,0.));
#2782=DIRECTION('',(0.,0.,1.));
#2783=DIRECTION('',(1.,0.,0.));
#2784=DIRECTION('',(0.,1.,0.));
#2785=DIRECTION('',(0.,1.,0.));
#2786=DIRECTION('',(0.,0.,1.));
#2787=DIRECTION('',(0.,1.,0.));
#2788=DIRECTION('',(1.,0.,0.));
#2789=DIRECTION('',(0.,0.,-1.));
#2790=DIRECTION('',(0.,1.,0.));
#2791=DIRECTION('',(0.,1.,0.));
#2792=DIRECTION('',(0.,0.,1.));
#2793=DIRECTION('',(0.,1.,0.));
#2794=DIRECTION('',(0.,0.,1.));
#2795=DIRECTION('',(1.,0.,0.));
#2796=DIRECTION('',(0.,1.,0.));
#2797=DIRECTION('',(0.,1.,0.));
#2798=DIRECTION('',(0.,0.,1.));
#2799=DIRECTION('',(0.,0.,1.));
#2800=DIRECTION('',(1.,0.,0.));
#2801=DIRECTION('',(0.,1.,0.));
#2802=DIRECTION('',(0.,1.,0.));
#2803=DIRECTION('',(0.,1.,0.));
#2804=DIRECTION('',(0.,0.,1.));
#2805=DIRECTION('',(0.,1.,0.));
#2806=DIRECTION('',(1.,0.,0.));
#2807=DIRECTION('',(0.,0.,-1.));
#2808=DIRECTION('',(0.,1.,0.));
#2809=DIRECTION('',(0.,1.,0.));
#2810=DIRECTION('',(0.,0.,1.));
#2811=DIRECTION('',(0.,1.,0.));
#2812=DIRECTION('',(0.,0.,1.));
#2813=DIRECTION('',(1.,0.,0.));
#2814=DIRECTION('',(0.,1.,0.));
#2815=DIRECTION('',(0.,1.,0.));
#2816=DIRECTION('',(0.,0.,1.));
#2817=DIRECTION('',(0.,1.,0.));
#2818=DIRECTION('',(1.,0.,0.));
#2819=DIRECTION('',(0.,0.,-1.));
#2820=DIRECTION('',(0.,1.,0.));
#2821=DIRECTION('',(0.,1.,0.));
#2822=DIRECTION('',(0.,0.,1.));
#2823=DIRECTION('',(0.,0.,1.));
#2824=DIRECTION('',(1.,0.,0.));
#2825=DIRECTION('',(0.,1.,0.));
#2826=DIRECTION('',(0.,1.,0.));
#2827=DIRECTION('',(0.,1.,0.));
#2828=DIRECTION('',(0.,0.,1.));
#2829=DIRECTION('',(0.,1.,0.));
#2830=DIRECTION('',(1.,0.,0.));
#2831=DIRECTION('',(0.,0.,-1.));
#2832=DIRECTION('',(0.,1.,0.));
#2833=DIRECTION('',(0.,1.,0.));
#2834=DIRECTION('',(0.,0.,1.));
#2835=DIRECTION('',(0.,1.,0.));
#2836=DIRECTION('',(0.,0.,1.));
#2837=DIRECTION('',(1.,0.,0.));
#2838=DIRECTION('',(0.,1.,0.));
#2839=DIRECTION('',(0.,1.,0.));
#2840=DIRECTION('',(0.,0.,1.));
#2841=DIRECTION('',(0.,1.,0.));
#2842=DIRECTION('',(1.,0.,0.));
#2843=DIRECTION('',(0.,0.,-1.));
#2844=DIRECTION('',(0.,1.,0.));
#2845=DIRECTION('',(0.,1.,0.));
#2846=DIRECTION('',(0.,0.,1.));
#2847=DIRECTION('',(0.,1.,4.67240080810685E-17));
#2848=DIRECTION('',(0.,-4.67240080810685E-17,1.));
#2849=DIRECTION('',(-1.,0.,0.));
#2850=DIRECTION('',(-1.,0.,0.));
#2851=DIRECTION('',(-1.,0.,0.));
#2852=DIRECTION('',(0.,0.,1.));
#2853=DIRECTION('',(-1.,0.,0.));
#2854=DIRECTION('',(0.,0.,1.));
#2855=DIRECTION('',(1.,0.,0.));
#2856=DIRECTION('',(-1.,0.,0.));
#2857=DIRECTION('',(-1.,0.,0.));
#2858=DIRECTION('',(0.,0.,1.));
#2859=DIRECTION('',(-1.,0.,0.));
#2860=DIRECTION('',(0.,1.,0.));
#2861=DIRECTION('',(0.,0.,1.));
#2862=DIRECTION('',(-1.,0.,0.));
#2863=DIRECTION('',(-1.,0.,0.));
#2864=DIRECTION('',(0.,0.,1.));
#2865=DIRECTION('',(-1.,0.,0.));
#2866=DIRECTION('',(0.,0.,1.));
#2867=DIRECTION('',(1.,0.,0.));
#2868=DIRECTION('',(-1.,0.,0.));
#2869=DIRECTION('',(-1.,0.,0.));
#2870=DIRECTION('',(0.,0.,1.));
#2871=DIRECTION('',(-1.39988611951107E-16,0.,1.));
#2872=DIRECTION('',(1.,0.,1.39988611951107E-16));
#2873=DIRECTION('',(0.,-1.,0.));
#2874=DIRECTION('',(0.,-1.,0.));
#2875=DIRECTION('',(0.,-1.,0.));
#2876=DIRECTION('',(0.,0.,-1.));
#2877=DIRECTION('',(0.,-1.,0.));
#2878=DIRECTION('',(-1.,0.,0.));
#2879=DIRECTION('',(0.,0.,1.));
#2880=DIRECTION('',(0.,-1.,0.));
#2881=DIRECTION('',(0.,-1.,0.));
#2882=DIRECTION('',(0.,0.,-1.));
#2883=DIRECTION('',(0.,-1.,0.));
#2884=DIRECTION('',(0.,0.,1.));
#2885=DIRECTION('',(1.,0.,0.));
#2886=DIRECTION('',(0.,-1.,0.));
#2887=DIRECTION('',(0.,-1.,0.));
#2888=DIRECTION('',(0.,0.,-1.));
#2889=DIRECTION('',(0.,-1.,0.));
#2890=DIRECTION('',(-1.,0.,0.));
#2891=DIRECTION('',(0.,0.,1.));
#2892=DIRECTION('',(0.,-1.,0.));
#2893=DIRECTION('',(0.,-1.,0.));
#2894=DIRECTION('',(0.,0.,-1.));
#2895=DIRECTION('',(0.,0.,1.));
#2896=DIRECTION('',(1.,0.,0.));
#2897=DIRECTION('',(0.,1.,0.));
#2898=DIRECTION('',(0.,0.,1.));
#2899=DIRECTION('',(1.,0.,0.));
#2900=DIRECTION('',(0.,0.,-1.));
#2901=DIRECTION('',(1.,0.,0.));
#2902=DIRECTION('',(0.,0.,-1.));
#2903=DIRECTION('',(-0.382683565652207,0.923879477301944,0.));
#2904=DIRECTION('',(-0.923879477301944,-0.382683565652207,0.));
#2905=DIRECTION('',(0.923879477301944,0.382683565652207,0.));
#2906=DIRECTION('',(0.,0.,-1.));
#2907=DIRECTION('',(0.923879477301944,0.382683565652207,0.));
#2908=DIRECTION('',(-0.707106781186547,0.707106781186548,0.));
#2909=DIRECTION('',(-0.707106781186548,-0.707106781186548,0.));
#2910=DIRECTION('',(0.707106781186548,0.707106781186548,0.));
#2911=DIRECTION('',(0.,0.,-1.));
#2912=DIRECTION('',(0.707106781186548,0.707106781186548,0.));
#2913=DIRECTION('',(0.923879498004938,-0.382683515670774,0.));
#2914=DIRECTION('',(0.382683515670774,0.923879498004938,0.));
#2915=DIRECTION('',(-0.382683515670774,-0.923879498004938,0.));
#2916=DIRECTION('',(0.,0.,-1.));
#2917=DIRECTION('',(-0.382683515670774,-0.923879498004938,0.));
#2918=DIRECTION('',(0.99999993412604,0.000362970958076243,0.));
#2919=DIRECTION('',(-0.000362970958076243,0.99999993412604,0.));
#2920=DIRECTION('',(0.000362970958076243,-0.99999993412604,0.));
#2921=DIRECTION('',(0.,0.,-1.));
#2922=DIRECTION('',(0.000362970958076243,-0.99999993412604,0.));
#2923=DIRECTION('',(0.685520794380883,0.728053047841572,0.));
#2924=DIRECTION('',(-0.728053047841572,0.685520794380883,0.));
#2925=DIRECTION('',(0.728053047841573,-0.685520794380883,0.));
#2926=DIRECTION('',(0.,0.,-1.));
#2927=DIRECTION('',(0.728053047841573,-0.685520794380883,0.));
#2928=DIRECTION('',(-0.00228237882655442,-0.999997395370054,0.));
#2929=DIRECTION('',(0.999997395370054,-0.00228237882655442,0.));
#2930=DIRECTION('',(-0.999997395370054,0.00228237882655442,0.));
#2931=DIRECTION('',(0.,0.,-1.));
#2932=DIRECTION('',(-0.999997395370054,0.00228237882655442,0.));
#2933=DIRECTION('',(0.334019398526562,0.942566200013534,0.));
#2934=DIRECTION('',(-0.942566200013534,0.334019398526562,0.));
#2935=DIRECTION('',(0.942566200013534,-0.334019398526562,0.));
#2936=DIRECTION('',(0.,0.,-1.));
#2937=DIRECTION('',(0.942566200013534,-0.334019398526562,0.));
#2938=DIRECTION('',(1.00389732811685E-14,-1.,0.));
#2939=DIRECTION('',(1.,1.00389732811685E-14,0.));
#2940=DIRECTION('',(-1.,-1.00389732811685E-14,0.));
#2941=DIRECTION('',(0.,0.,-1.));
#2942=DIRECTION('',(-1.,-1.00389732811685E-14,0.));
#2943=DIRECTION('',(-0.714300905677875,0.699838707237437,0.));
#2944=DIRECTION('',(-0.699838707237437,-0.714300905677876,0.));
#2945=DIRECTION('',(0.699838707237437,0.714300905677876,0.));
#2946=DIRECTION('',(0.,0.,-1.));
#2947=DIRECTION('',(0.699838707237437,0.714300905677876,0.));
#2948=DIRECTION('',(1.,-4.93806401560891E-14,0.));
#2949=DIRECTION('',(4.93806401560891E-14,1.,0.));
#2950=DIRECTION('',(-4.93806401560891E-14,-1.,0.));
#2951=DIRECTION('',(0.,0.,-1.));
#2952=DIRECTION('',(-4.93806401560891E-14,-1.,0.));
#2953=DIRECTION('',(-0.923879498005207,-0.382683515670125,0.));
#2954=DIRECTION('',(0.382683515670125,-0.923879498005207,0.));
#2955=DIRECTION('',(-0.382683515670125,0.923879498005207,0.));
#2956=DIRECTION('',(0.,0.,-1.));
#2957=DIRECTION('',(-0.382683515670125,0.923879498005207,0.));
#2958=DIRECTION('',(0.707106781186548,0.707106781186548,0.));
#2959=DIRECTION('',(-0.707106781186548,0.707106781186548,0.));
#2960=DIRECTION('',(0.707106781186548,-0.707106781186548,0.));
#2961=DIRECTION('',(0.,0.,-1.));
#2962=DIRECTION('',(0.707106781186548,-0.707106781186548,0.));
#2963=DIRECTION('',(0.38268356565146,0.923879477302253,0.));
#2964=DIRECTION('',(-0.923879477302253,0.38268356565146,0.));
#2965=DIRECTION('',(0.923879477302253,-0.38268356565146,0.));
#2966=DIRECTION('',(0.923879477302253,-0.38268356565146,0.));
#2967=DIRECTION('',(0.,0.,1.));
#2968=DIRECTION('',(1.,0.,0.));
#2969=DIRECTION('',(0.,0.,1.));
#2970=DIRECTION('',(1.,0.,0.));
#2971=DIRECTION('',(0.,0.,1.));
#2972=DIRECTION('',(1.,0.,0.));
#2973=DIRECTION('',(0.,0.,1.));
#2974=DIRECTION('',(1.,0.,0.));
#2975=DIRECTION('',(0.,0.,1.));
#2976=DIRECTION('',(1.,0.,0.));
#2977=DIRECTION('',(0.,0.,1.));
#2978=DIRECTION('',(1.,0.,0.));
#2979=DIRECTION('',(0.,0.,-1.));
#2980=DIRECTION('',(-1.,0.,0.));
#2981=DIRECTION('',(0.,0.,1.));
#2982=DIRECTION('',(1.,0.,0.));
#2983=DIRECTION('',(0.,0.,1.));
#2984=DIRECTION('',(1.,0.,0.));
#2985=DIRECTION('',(0.,0.,-1.));
#2986=DIRECTION('',(-1.,0.,0.));
#2987=DIRECTION('',(0.,0.,1.));
#2988=DIRECTION('',(1.,0.,0.));
#2989=DIRECTION('',(0.,0.,1.));
#2990=DIRECTION('',(1.,0.,0.));
#2991=DIRECTION('',(0.,0.,-1.));
#2992=DIRECTION('',(-1.,0.,0.));
#2993=DIRECTION('',(0.,0.,1.));
#2994=DIRECTION('',(1.,0.,0.));
#2995=DIRECTION('',(0.,0.,1.));
#2996=DIRECTION('',(1.,0.,0.));
#2997=DIRECTION('',(0.,0.,-1.));
#2998=DIRECTION('',(-1.,0.,0.));
#2999=DIRECTION('',(0.,0.,1.));
#3000=DIRECTION('',(1.,0.,0.));
#3001=DIRECTION('',(0.,0.,1.));
#3002=DIRECTION('',(1.,0.,0.));
#3003=DIRECTION('',(0.,0.,1.));
#3004=DIRECTION('',(1.,0.,0.));
#3005=DIRECTION('',(0.,0.,1.));
#3006=DIRECTION('',(1.,0.,0.));
#3007=DIRECTION('',(1.,0.,0.));
#3008=DIRECTION('',(0.,-1.,0.));
#3009=DIRECTION('',(1.,0.,0.));
#3010=DIRECTION('',(0.,-1.,0.));
#3011=DIRECTION('',(1.,0.,0.));
#3012=DIRECTION('',(0.,1.,0.));
#3013=DIRECTION('',(0.,0.4226182617407,0.90630778703665));
#3014=DIRECTION('',(0.,0.90630778703665,-0.4226182617407));
#3015=DIRECTION('',(0.,0.,1.));
#3016=DIRECTION('',(0.,1.,0.));
#3017=DIRECTION('',(1.,0.,0.));
#3018=DIRECTION('',(0.,1.,0.));
#3019=DIRECTION('',(0.,0.,1.));
#3020=DIRECTION('',(0.,0.90630778703665,-0.4226182617407));
#3021=DIRECTION('',(0.,0.4226182617407,0.90630778703665));
#3022=DIRECTION('',(0.,1.,0.));
#3023=DIRECTION('',(0.,0.4226182617407,0.90630778703665));
#3024=DIRECTION('',(1.,0.,0.));
#3025=DIRECTION('',(1.,0.,0.));
#3026=DIRECTION('',(0.,0.,1.));
#3027=DIRECTION('',(1.,0.,0.));
#3028=DIRECTION('',(1.,0.,0.));
#3029=DIRECTION('',(1.,0.,0.));
#3030=DIRECTION('',(0.,1.,0.));
#3031=DIRECTION('',(0.,0.,1.));
#3032=DIRECTION('',(0.,0.90630778703665,-0.4226182617407));
#3033=DIRECTION('',(0.,0.4226182617407,0.90630778703665));
#3034=CARTESIAN_POINT('',(0.,0.,0.));
#3035=CARTESIAN_POINT('',(-0.0285514269020837,0.01636753873507,0.0122));
#3036=CARTESIAN_POINT('',(-0.0242,0.01636753873507,0.0122));
#3037=CARTESIAN_POINT('',(-0.0242,0.01636753873507,0.0122));
#3038=CARTESIAN_POINT('',(-0.0242,0.01636753873507,0.0121882823345858));
#3039=CARTESIAN_POINT('',(-0.0285514269020837,0.01636753873507,0.0122));
#3040=CARTESIAN_POINT('',(-0.0328822214149797,0.01636753873507,0.0122));
#3041=CARTESIAN_POINT('',(-0.0328822214149797,0.01636753873507,0.0122));
#3042=CARTESIAN_POINT('',(-0.0328822214149797,0.01636753873507,0.));
#3043=CARTESIAN_POINT('',(-0.0285514269020837,0.01636753873507,0.));
#3044=CARTESIAN_POINT('',(0.030857038207058,0.01636753873507,0.));
#3045=CARTESIAN_POINT('',(0.030857038207058,0.01636753873507,0.0122));
#3046=CARTESIAN_POINT('',(0.030857038207058,0.01636753873507,0.0122));
#3047=CARTESIAN_POINT('',(-0.0285514269020837,0.01636753873507,0.0122));
#3048=CARTESIAN_POINT('',(0.0308,0.01636753873507,0.0122));
#3049=CARTESIAN_POINT('',(0.0308,0.01636753873507,0.0122));
#3050=CARTESIAN_POINT('',(0.0308,0.01636753873507,0.0121882823345858));
#3051=CARTESIAN_POINT('',(0.0308,0.01636753873507,0.0122));
#3052=CARTESIAN_POINT('',(0.0308,0.01636753873507,0.0121540944533165));
#3053=CARTESIAN_POINT('',(-0.0285514269020837,0.01636753873507,0.0121540944533165));
#3054=CARTESIAN_POINT('',(-0.0242,0.01636753873507,0.0121540944533165));
#3055=CARTESIAN_POINT('',(-0.0242,0.01636753873507,0.0122));
#3056=CARTESIAN_POINT('',(-0.0285514269020837,0.01636753873507,0.00402998373657465));
#3057=CARTESIAN_POINT('',(-0.0270494647186272,0.01636753873507,0.00402998373657465));
#3058=CARTESIAN_POINT('',(-0.0146575747513013,0.01636753873507,0.00402998373657465));
#3059=CARTESIAN_POINT('',(-0.0270494647186272,0.01636753873507,0.00501282644904928));
#3060=CARTESIAN_POINT('',(-0.0280323074311018,0.01636753873507,0.00501282644904927));
#3061=CARTESIAN_POINT('',(-0.0280323074311018,0.01636753873507,0.0122));
#3062=CARTESIAN_POINT('',(-0.0280323074311018,0.01636753873507,0.00972091833614036));
#3063=CARTESIAN_POINT('',(-0.0270494647186272,0.01636753873507,0.00972091833614035));
#3064=CARTESIAN_POINT('',(-0.0270494647186272,0.01636753873507,0.010703761048615));
#3065=CARTESIAN_POINT('',(-0.0285514269020837,0.01636753873507,0.010703761048615));
#3066=CARTESIAN_POINT('',(-0.0148507118362911,0.01636753873507,0.010703761048615));
#3067=CARTESIAN_POINT('',(-0.0148507118362911,0.01636753873507,0.00972091833614036));
#3068=CARTESIAN_POINT('',(-0.0138678691238165,0.01636753873507,0.00972091833614036));
#3069=CARTESIAN_POINT('',(-0.0138678691238165,0.01636753873507,0.0122));
#3070=CARTESIAN_POINT('',(-0.0138678691238165,0.01636753873507,0.00481968936405942));
#3071=CARTESIAN_POINT('',(-0.0146575747513013,0.01636753873507,0.00481968936405942));
#3072=CARTESIAN_POINT('',(0.00361657157248678,0.01936753873507,0.0122));
#3073=CARTESIAN_POINT('',(0.00361657157248678,0.01936753873507,0.));
#3074=CARTESIAN_POINT('',(-0.0334789587420843,0.01936753873507,0.));
#3075=CARTESIAN_POINT('',(0.0314537755341614,0.01936753873507,0.));
#3076=CARTESIAN_POINT('',(-0.0334789587420843,0.01936753873507,0.0122));
#3077=CARTESIAN_POINT('',(-0.0334789587420843,0.01936753873507,0.0122));
#3078=CARTESIAN_POINT('',(0.00361657157248678,0.01936753873507,0.0122));
#3079=CARTESIAN_POINT('',(0.0314537755341614,0.01936753873507,0.0122));
#3080=CARTESIAN_POINT('',(0.0314537755341614,0.01936753873507,0.0122));
#3081=CARTESIAN_POINT('',(-0.0270494647186272,0.01936753873507,0.00501282644904928));
#3082=CARTESIAN_POINT('',(-0.0270494647186272,0.01936753873507,0.00402998373657465));
#3083=CARTESIAN_POINT('',(-0.0280323074311018,0.01936753873507,0.00501282644904927));
#3084=CARTESIAN_POINT('',(0.00361657157248678,0.01936753873507,0.00402998373657465));
#3085=CARTESIAN_POINT('',(-0.0146575747513013,0.01936753873507,0.00402998373657465));
#3086=CARTESIAN_POINT('',(-0.0146575747513013,0.01936753873507,0.00481968936405942));
#3087=CARTESIAN_POINT('',(-0.0138678691238165,0.01936753873507,0.00481968936405942));
#3088=CARTESIAN_POINT('',(-0.0138678691238165,0.01936753873507,0.0122));
#3089=CARTESIAN_POINT('',(-0.0138678691238165,0.01936753873507,0.00972091833614036));
#3090=CARTESIAN_POINT('',(-0.0148507118362911,0.01936753873507,0.00972091833614036));
#3091=CARTESIAN_POINT('',(-0.0148507118362911,0.01936753873507,0.010703761048615));
#3092=CARTESIAN_POINT('',(0.00361657157248678,0.01936753873507,0.010703761048615));
#3093=CARTESIAN_POINT('',(-0.0270494647186272,0.01936753873507,0.010703761048615));
#3094=CARTESIAN_POINT('',(-0.0270494647186272,0.01936753873507,0.00972091833614035));
#3095=CARTESIAN_POINT('',(-0.0280323074311018,0.01936753873507,0.00972091833614036));
#3096=CARTESIAN_POINT('',(-0.0280323074311018,0.01936753873507,0.0122));
#3097=CARTESIAN_POINT('',(0.0445494030988066,-0.00596671472395964,0.0122));
#3098=CARTESIAN_POINT('',(0.0445494030988066,-0.00596671472395964,0.));
#3099=CARTESIAN_POINT('',(0.044549403098807,0.00267517354928651,0.));
#3100=CARTESIAN_POINT('',(0.0445494030988062,-0.0146086029972058,0.));
#3101=CARTESIAN_POINT('',(0.0445494030988062,-0.0146086029972058,0.0122));
#3102=CARTESIAN_POINT('',(0.0445494030988062,-0.0146086029972058,0.0122));
#3103=CARTESIAN_POINT('',(0.0445494030988066,-0.00596671472395964,0.0122));
#3104=CARTESIAN_POINT('',(0.044549403098807,0.00267517354928651,0.0122));
#3105=CARTESIAN_POINT('',(0.044549403098807,0.00267517354928651,0.0122));
#3106=CARTESIAN_POINT('',(0.0445494030988068,-0.00194134283711509,0.0049882415322897));
#3107=CARTESIAN_POINT('',(0.0445494030988069,-8.93832421861587E-05,0.0049882415322897));
#3108=CARTESIAN_POINT('',(0.0445494030988069,-0.0019413428371151,0.00313628193736077));
#3109=CARTESIAN_POINT('',(0.0445494030988069,-8.93832421861585E-05,0.0122));
#3110=CARTESIAN_POINT('',(0.0445494030988069,-8.93832421861589E-05,0.00556835131792943));
#3111=CARTESIAN_POINT('',(0.0445494030988068,-0.0018689164302439,0.00556835131792943));
#3112=CARTESIAN_POINT('',(0.0445494030988066,-0.0018689164302439,0.00734788450598717));
#3113=CARTESIAN_POINT('',(0.0445494030988066,-0.00596671472395964,0.00734788450598717));
#3114=CARTESIAN_POINT('',(0.0445494030988066,-0.00826455438582818,0.00734788450598717));
#3115=CARTESIAN_POINT('',(0.0445494030988065,-0.00826455438582818,0.00556835131792942));
#3116=CARTESIAN_POINT('',(0.0445494030988064,-0.0100440875738859,0.00556835131792943));
#3117=CARTESIAN_POINT('',(0.0445494030988064,-0.0100440875738859,0.0122));
#3118=CARTESIAN_POINT('',(0.0445494030988066,-0.0100440875738859,0.00508481007478462));
#3119=CARTESIAN_POINT('',(0.0445494030988065,-0.00809555943646206,0.00508481007478462));
#3120=CARTESIAN_POINT('',(0.0445494030988067,-0.00809555943646206,0.00313628193736077));
#3121=CARTESIAN_POINT('',(0.0445494030988066,-0.00596671472395964,0.00313628193736077));
#3122=CARTESIAN_POINT('',(0.0475494030988066,-0.00628069954496163,0.0122));
#3123=CARTESIAN_POINT('',(0.0475494030988066,-0.00628069954496163,0.));
#3124=CARTESIAN_POINT('',(0.047549403098807,0.00327191079202994,0.));
#3125=CARTESIAN_POINT('',(0.0475494030988061,-0.0158333098819532,0.));
#3126=CARTESIAN_POINT('',(0.047549403098807,0.00327191079202994,0.0122));
#3127=CARTESIAN_POINT('',(0.047549403098807,0.00327191079202994,0.0122));
#3128=CARTESIAN_POINT('',(0.0475494030988066,-0.00628069954496163,0.0122));
#3129=CARTESIAN_POINT('',(0.0475494030988061,-0.0158333098819532,0.0122));
#3130=CARTESIAN_POINT('',(0.0475494030988061,-0.0158333098819532,0.0122));
#3131=CARTESIAN_POINT('',(0.0475494030988069,-8.93832421861585E-05,0.0122));
#3132=CARTESIAN_POINT('',(0.0475494030988069,-8.93832421861589E-05,0.0049882415322897));
#3133=CARTESIAN_POINT('',(0.0475494030988069,-8.93832421861589E-05,0.00556835131792943));
#3134=CARTESIAN_POINT('',(0.0475494030988068,-0.00194134283711509,0.0049882415322897));
#3135=CARTESIAN_POINT('',(0.0475494030988068,-0.0019413428371151,0.00313628193736077));
#3136=CARTESIAN_POINT('',(0.0475494030988066,-0.00628069954496163,0.00313628193736077));
#3137=CARTESIAN_POINT('',(0.0475494030988066,-0.00809555943646206,0.00313628193736077));
#3138=CARTESIAN_POINT('',(0.0475494030988065,-0.00809555943646206,0.00508481007478462));
#3139=CARTESIAN_POINT('',(0.0475494030988066,-0.0100440875738859,0.00508481007478462));
#3140=CARTESIAN_POINT('',(0.0475494030988064,-0.0100440875738859,0.0122));
#3141=CARTESIAN_POINT('',(0.0475494030988064,-0.0100440875738859,0.00556835131792943));
#3142=CARTESIAN_POINT('',(0.0475494030988065,-0.00826455438582818,0.00556835131792942));
#3143=CARTESIAN_POINT('',(0.0475494030988065,-0.00826455438582818,0.00734788450598717));
#3144=CARTESIAN_POINT('',(0.0475494030988066,-0.00628069954496163,0.00734788450598717));
#3145=CARTESIAN_POINT('',(0.0475494030988066,-0.0018689164302439,0.00734788450598717));
#3146=CARTESIAN_POINT('',(0.0475494030988068,-0.0018689164302439,0.00556835131792943));
#3147=CARTESIAN_POINT('',(1.50261532807713E-06,-0.0166901193802394,0.0122));
#3148=CARTESIAN_POINT('',(1.50261532807713E-06,-0.0166901193802394,0.));
#3149=CARTESIAN_POINT('',(0.0425100304436461,-0.016690119380239,0.));
#3150=CARTESIAN_POINT('',(-0.04250702521299,-0.0166901193802398,0.));
#3151=CARTESIAN_POINT('',(-0.04250702521299,-0.0166901193802398,0.0122));
#3152=CARTESIAN_POINT('',(-0.04250702521299,-0.0166901193802398,0.0122));
#3153=CARTESIAN_POINT('',(1.50261532807713E-06,-0.0166901193802394,0.0122));
#3154=CARTESIAN_POINT('',(0.0425100304436461,-0.016690119380239,0.0122));
#3155=CARTESIAN_POINT('',(0.0425100304436461,-0.016690119380239,0.0122));
#3156=CARTESIAN_POINT('',(0.0146717112677422,-0.0166901193802393,0.00502503708207344));
#3157=CARTESIAN_POINT('',(0.0165478129982949,-0.0166901193802392,0.00502503708207344));
#3158=CARTESIAN_POINT('',(0.0146717112677422,-0.0166901193802392,0.00314893535152078));
#3159=CARTESIAN_POINT('',(0.0165478129982949,-0.0166901193802392,0.0122));
#3160=CARTESIAN_POINT('',(0.0165478129982949,-0.0166901193802392,0.00564730225273057));
#3161=CARTESIAN_POINT('',(0.0147924219458608,-0.0166901193802392,0.00564730225273057));
#3162=CARTESIAN_POINT('',(0.0147924219458608,-0.0166901193802393,0.00740269330516457));
#3163=CARTESIAN_POINT('',(1.50261532807713E-06,-0.0166901193802394,0.00740269330516457));
#3164=CARTESIAN_POINT('',(0.00839410571239309,-0.0166901193802393,0.00740269330516457));
#3165=CARTESIAN_POINT('',(0.00839410571239309,-0.0166901193802394,0.00564730225273057));
#3166=CARTESIAN_POINT('',(0.00663871465995908,-0.0166901193802394,0.00564730225273057));
#3167=CARTESIAN_POINT('',(0.00663871465995908,-0.0166901193802394,0.0122));
#3168=CARTESIAN_POINT('',(0.00663871465995908,-0.0166901193802393,0.00492846853957852));
#3169=CARTESIAN_POINT('',(0.00841824784801682,-0.0166901193802394,0.00492846853957852));
#3170=CARTESIAN_POINT('',(0.00841824784801682,-0.0166901193802393,0.00314893535152078));
#3171=CARTESIAN_POINT('',(1.50261532807713E-06,-0.0166901193802394,0.00314893535152078));
#3172=CARTESIAN_POINT('',(-0.000257204397947353,-0.0166901193802394,0.00545829604902043));
#3173=CARTESIAN_POINT('',(-0.000257204397947355,-0.0166901193802394,0.00740682418644428));
#3174=CARTESIAN_POINT('',(0.0016913237394765,-0.0166901193802394,0.00545829604902043));
#3175=CARTESIAN_POINT('',(1.50261532807713E-06,-0.0166901193802394,0.00740682418644428));
#3176=CARTESIAN_POINT('',(-0.00635446585305704,-0.0166901193802395,0.00740682418644428));
#3177=CARTESIAN_POINT('',(-0.00635446585305704,-0.0166901193802395,0.00545829604902043));
#3178=CARTESIAN_POINT('',(-0.0083029939904809,-0.0166901193802395,0.00545829604902043));
#3179=CARTESIAN_POINT('',(-0.0083029939904809,-0.0166901193802395,0.0122));
#3180=CARTESIAN_POINT('',(-0.0083029939904809,-0.0166901193802395,0.00507171241975652));
#3181=CARTESIAN_POINT('',(-0.00635446585305704,-0.0166901193802395,0.00507171241975651));
#3182=CARTESIAN_POINT('',(-0.00635446585305704,-0.0166901193802395,0.00312318428233266));
#3183=CARTESIAN_POINT('',(1.50261532807713E-06,-0.0166901193802394,0.00312318428233265));
#3184=CARTESIAN_POINT('',(-0.000257204397947355,-0.0166901193802394,0.00312318428233266));
#3185=CARTESIAN_POINT('',(-0.000257204397947355,-0.0166901193802394,0.00507171241975652));
#3186=CARTESIAN_POINT('',(0.0016913237394765,-0.0166901193802394,0.00507171241975652));
#3187=CARTESIAN_POINT('',(0.0016913237394765,-0.0166901193802394,0.0122));
#3188=CARTESIAN_POINT('',(-0.0275867461716551,-0.0166901193802397,0.00982304834520633));
#3189=CARTESIAN_POINT('',(-0.0275867461716551,-0.0166901193802397,0.0107334646508098));
#3190=CARTESIAN_POINT('',(-0.0266763298660517,-0.0166901193802397,0.00982304834520634));
#3191=CARTESIAN_POINT('',(1.50261532807713E-06,-0.0166901193802394,0.0107334646508098));
#3192=CARTESIAN_POINT('',(-0.0397103736742987,-0.0166901193802398,0.0107334646508098));
#3193=CARTESIAN_POINT('',(-0.0397103736742987,-0.0166901193802398,0.00960576912459278));
#3194=CARTESIAN_POINT('',(-0.0408380692005157,-0.0166901193802398,0.00960576912459276));
#3195=CARTESIAN_POINT('',(-0.0408380692005157,-0.0166901193802398,0.0122));
#3196=CARTESIAN_POINT('',(-0.0408380692005157,-0.0166901193802398,0.00507179330825538));
#3197=CARTESIAN_POINT('',(-0.0397586579455462,-0.0166901193802398,0.00507179330825538));
#3198=CARTESIAN_POINT('',(-0.0397586579455462,-0.0166901193802397,0.00399238205328583));
#3199=CARTESIAN_POINT('',(1.50261532807713E-06,-0.0166901193802394,0.00399238205328583));
#3200=CARTESIAN_POINT('',(-0.0278040253922687,-0.0166901193802397,0.00399238205328584));
#3201=CARTESIAN_POINT('',(-0.0278040253922687,-0.0166901193802397,0.00512007757950284));
#3202=CARTESIAN_POINT('',(-0.0266763298660517,-0.0166901193802397,0.00512007757950284));
#3203=CARTESIAN_POINT('',(-0.0266763298660517,-0.0166901193802397,0.0122));
#3204=CARTESIAN_POINT('',(-0.0433376833832516,-0.0196901193802398,0.0122));
#3205=CARTESIAN_POINT('',(-0.0433376833832516,-0.0196901193802398,0.));
#3206=CARTESIAN_POINT('',(-0.0441683415535132,-0.0196901193802399,0.));
#3207=CARTESIAN_POINT('',(0.0437706810617958,-0.019690119380239,0.));
#3208=CARTESIAN_POINT('',(0.0437706810617958,-0.019690119380239,0.0122));
#3209=CARTESIAN_POINT('',(0.0437706810617958,-0.019690119380239,0.0122));
#3210=CARTESIAN_POINT('',(-0.0433376833832516,-0.0196901193802398,0.0122));
#3211=CARTESIAN_POINT('',(-0.0441683415535132,-0.0196901193802399,0.0122));
#3212=CARTESIAN_POINT('',(-0.0441683415535132,-0.0196901193802399,0.0122));
#3213=CARTESIAN_POINT('',(0.0147924219458608,-0.0196901193802386,0.00564730225273057));
#3214=CARTESIAN_POINT('',(0.0165478129982949,-0.0196901193802387,0.00564730225273057));
#3215=CARTESIAN_POINT('',(0.0147924219458608,-0.0196901193802387,0.00740269330516457));
#3216=CARTESIAN_POINT('',(0.0165478129982949,-0.0196901193802386,0.0122));
#3217=CARTESIAN_POINT('',(0.0165478129982949,-0.0196901193802387,0.00502503708207344));
#3218=CARTESIAN_POINT('',(0.0146717112677422,-0.0196901193802386,0.00502503708207344));
#3219=CARTESIAN_POINT('',(0.0146717112677422,-0.0196901193802386,0.00314893535152078));
#3220=CARTESIAN_POINT('',(-0.0433376833832516,-0.0196901193802398,0.00314893535152078));
#3221=CARTESIAN_POINT('',(0.00841824784801682,-0.0196901193802387,0.00314893535152078));
#3222=CARTESIAN_POINT('',(0.00841824784801682,-0.0196901193802388,0.00492846853957852));
#3223=CARTESIAN_POINT('',(0.00663871465995908,-0.0196901193802388,0.00492846853957852));
#3224=CARTESIAN_POINT('',(0.00663871465995908,-0.0196901193802388,0.0122));
#3225=CARTESIAN_POINT('',(0.00663871465995908,-0.0196901193802388,0.00564730225273057));
#3226=CARTESIAN_POINT('',(0.00839410571239309,-0.0196901193802388,0.00564730225273057));
#3227=CARTESIAN_POINT('',(0.00839410571239309,-0.0196901193802388,0.00740269330516457));
#3228=CARTESIAN_POINT('',(-0.0433376833832516,-0.0196901193802398,0.00740269330516457));
#3229=CARTESIAN_POINT('',(-0.00635446585305704,-0.0196901193802391,0.00545829604902043));
#3230=CARTESIAN_POINT('',(-0.00635446585305704,-0.0196901193802391,0.00740682418644428));
#3231=CARTESIAN_POINT('',(-0.0083029939904809,-0.0196901193802391,0.00545829604902043));
#3232=CARTESIAN_POINT('',(-0.0433376833832516,-0.0196901193802398,0.00740682418644428));
#3233=CARTESIAN_POINT('',(-0.000257204397947355,-0.019690119380239,0.00740682418644428));
#3234=CARTESIAN_POINT('',(-0.000257204397947353,-0.019690119380239,0.00545829604902043));
#3235=CARTESIAN_POINT('',(0.0016913237394765,-0.0196901193802389,0.00545829604902043));
#3236=CARTESIAN_POINT('',(0.0016913237394765,-0.0196901193802389,0.0122));
#3237=CARTESIAN_POINT('',(0.0016913237394765,-0.0196901193802389,0.00507171241975652));
#3238=CARTESIAN_POINT('',(-0.000257204397947355,-0.019690119380239,0.00507171241975652));
#3239=CARTESIAN_POINT('',(-0.000257204397947355,-0.019690119380239,0.00312318428233266));
#3240=CARTESIAN_POINT('',(-0.0433376833832516,-0.0196901193802398,0.00312318428233265));
#3241=CARTESIAN_POINT('',(-0.00635446585305704,-0.019690119380239,0.00312318428233266));
#3242=CARTESIAN_POINT('',(-0.00635446585305704,-0.0196901193802391,0.00507171241975651));
#3243=CARTESIAN_POINT('',(-0.0083029939904809,-0.0196901193802391,0.00507171241975652));
#3244=CARTESIAN_POINT('',(-0.0083029939904809,-0.0196901193802391,0.0122));
#3245=CARTESIAN_POINT('',(-0.0397103736742987,-0.0196901193802398,0.00960576912459278));
#3246=CARTESIAN_POINT('',(-0.0397103736742987,-0.0196901193802398,0.0107334646508098));
#3247=CARTESIAN_POINT('',(-0.0408380692005157,-0.0196901193802398,0.00960576912459276));
#3248=CARTESIAN_POINT('',(-0.0433376833832516,-0.0196901193802398,0.0107334646508098));
#3249=CARTESIAN_POINT('',(-0.0275867461716551,-0.0196901193802396,0.0107334646508098));
#3250=CARTESIAN_POINT('',(-0.0275867461716551,-0.0196901193802396,0.00982304834520633));
#3251=CARTESIAN_POINT('',(-0.0266763298660516,-0.0196901193802395,0.00982304834520634));
#3252=CARTESIAN_POINT('',(-0.0266763298660517,-0.0196901193802395,0.0122));
#3253=CARTESIAN_POINT('',(-0.0266763298660517,-0.0196901193802395,0.00512007757950284));
#3254=CARTESIAN_POINT('',(-0.0278040253922687,-0.0196901193802396,0.00512007757950284));
#3255=CARTESIAN_POINT('',(-0.0278040253922687,-0.0196901193802396,0.00399238205328584));
#3256=CARTESIAN_POINT('',(-0.0433376833832516,-0.0196901193802398,0.00399238205328583));
#3257=CARTESIAN_POINT('',(-0.0397586579455462,-0.0196901193802396,0.00399238205328583));
#3258=CARTESIAN_POINT('',(-0.0397586579455462,-0.0196901193802398,0.00507179330825538));
#3259=CARTESIAN_POINT('',(-0.0408380692005157,-0.0196901193802398,0.00507179330825538));
#3260=CARTESIAN_POINT('',(-0.0408380692005157,-0.0196901193802398,0.0122));
#3261=CARTESIAN_POINT('',(-0.0242,0.0167789957566766,0.0127228752266437));
#3262=CARTESIAN_POINT('',(-0.0242,0.0176442225870905,0.0127228752266437));
#3263=CARTESIAN_POINT('',(-0.0242,0.0176442225870905,0.0122));
#3264=CARTESIAN_POINT('',(-0.0242,0.0176442225870905,0.0131416559999709));
#3265=CARTESIAN_POINT('',(-0.0242,-0.00200292730341446,0.0122));
#3266=CARTESIAN_POINT('',(-0.0242,0.0163926673496429,0.0122));
#3267=CARTESIAN_POINT('',(-0.0242,0.0162942225870904,0.0121540944533165));
#3268=CARTESIAN_POINT('',(-0.0242,0.016430168755146,0.0122174871925776));
#3269=CARTESIAN_POINT('',(-0.0242,0.0161649419247321,0.0127862679659048));
#3270=CARTESIAN_POINT('',(-0.0242,0.0159992217628305,0.0131416559999709));
#3271=CARTESIAN_POINT('',(-0.0242,0.0167789957566766,0.0131416559999709));
#3272=CARTESIAN_POINT('',(-0.0242,0.0167789957566766,0.0127228752266437));
#3273=CARTESIAN_POINT('',(-0.0242,0.0162942225870904,0.0121540944533165));
#3274=CARTESIAN_POINT('',(-0.0242,0.0162942225870904,0.0121540944533165));
#3275=CARTESIAN_POINT('',(-0.0242,0.0170442225870905,0.0121540944533165));
#3276=CARTESIAN_POINT('',(0.0308,0.0167789957566766,0.0127228752266437));
#3277=CARTESIAN_POINT('',(0.0308,0.0161649419247321,0.0127862679659048));
#3278=CARTESIAN_POINT('',(0.0308,0.016430168755146,0.0122174871925776));
#3279=CARTESIAN_POINT('',(0.0308,0.0159992217628305,0.0131416559999709));
#3280=CARTESIAN_POINT('',(0.0308,0.0162942225870904,0.0121540944533165));
#3281=CARTESIAN_POINT('',(0.0308,0.0163926673496429,0.0122));
#3282=CARTESIAN_POINT('',(0.0308,-0.00200292730341446,0.0122));
#3283=CARTESIAN_POINT('',(0.0308,0.0176442225870905,0.0122));
#3284=CARTESIAN_POINT('',(0.0308,0.0176442225870905,0.0127228752266437));
#3285=CARTESIAN_POINT('',(0.0308,0.0176442225870905,0.0131416559999709));
#3286=CARTESIAN_POINT('',(0.0308,0.0167789957566766,0.0131416559999709));
#3287=CARTESIAN_POINT('',(0.0308,0.0167789957566766,0.0127228752266437));
#3288=CARTESIAN_POINT('',(0.0308,0.0162942225870904,0.0121540944533165));
#3289=CARTESIAN_POINT('',(0.0308,0.0162942225870904,0.0121540944533165));
#3290=CARTESIAN_POINT('',(0.0308,0.0170442225870905,0.0121540944533165));
#3291=CARTESIAN_POINT('',(-0.000808483616964437,-0.00200292730341446,0.0122));
#3292=CARTESIAN_POINT('',(-0.0347276191985629,0.018850326428147,0.0122));
#3293=CARTESIAN_POINT('',(-0.0359762796550414,0.0183331141212241,0.0122));
#3294=CARTESIAN_POINT('',(-0.0420541127181504,0.0122552810581151,0.0122));
#3295=CARTESIAN_POINT('',(-0.0481319457812594,0.0061774479950061,0.0122));
#3296=CARTESIAN_POINT('',(-0.0486491580569976,0.00492878742274842,0.0122));
#3297=CARTESIAN_POINT('',(-0.0491663703327359,0.00368012685049075,0.0122));
#3298=CARTESIAN_POINT('',(-0.0491663703327359,-0.00467551217038747,0.0122));
#3299=CARTESIAN_POINT('',(-0.0491663703327359,-0.0152732506394386,0.0122));
#3300=CARTESIAN_POINT('',(-0.0466673559431245,-0.0174816850098393,0.0122));
#3301=CARTESIAN_POINT('',(0.0456600420803009,-0.0177617146310961,0.0122));
#3302=CARTESIAN_POINT('',(0.0470225687585424,0.00454380107704336,0.0122));
#3303=CARTESIAN_POINT('',(0.0464957344182777,0.00581569136205677,0.0122));
#3304=CARTESIAN_POINT('',(0.0402466450758701,0.0120647807044644,0.0122));
#3305=CARTESIAN_POINT('',(0.0339975557334625,0.018313870046872,0.0122));
#3306=CARTESIAN_POINT('',(0.032725665633812,0.018840704390971,0.0122));
#3307=CARTESIAN_POINT('',(-0.0242,-0.00200292730341446,0.0122));
#3308=CARTESIAN_POINT('',(-0.0242,0.0176442225870905,0.0122));
#3309=CARTESIAN_POINT('',(0.0308,-0.00200292730341446,0.0122));
#3310=CARTESIAN_POINT('',(0.0315776151446975,0.0160690658729741,0.0122));
#3311=CARTESIAN_POINT('',(0.0322981920823371,0.0157705930108781,0.0122));
#3312=CARTESIAN_POINT('',(0.0381253247024847,0.00994346039073045,0.0122));
#3313=CARTESIAN_POINT('',(0.0439524573226324,0.00411632777058279,0.0122));
#3314=CARTESIAN_POINT('',(0.0442509302107197,0.00339575065993465,0.0122));
#3315=CARTESIAN_POINT('',(0.0435297167712261,-0.0156493611887224,0.0122));
#3316=CARTESIAN_POINT('',(-0.0425227779992466,-0.0166845370283685,0.0122));
#3317=CARTESIAN_POINT('',(-0.0425385307855031,-0.0166789546764971,0.0122));
#3318=CARTESIAN_POINT('',(-0.0433534361695081,-0.0166770947488586,0.0122));
#3319=CARTESIAN_POINT('',(-0.0441683415535131,-0.01667523482122,0.0122));
#3320=CARTESIAN_POINT('',(-0.0451641103599075,-0.0157376380002152,0.0122));
#3321=CARTESIAN_POINT('',(-0.0461598791663019,-0.0148000411792103,0.0122));
#3322=CARTESIAN_POINT('',(-0.0461631247495189,-0.00585832578573207,0.0122));
#3323=CARTESIAN_POINT('',(-0.0461663703327359,0.00308338960774613,0.0122));
#3324=CARTESIAN_POINT('',(-0.0458775195091754,0.00378073700563874,0.0122));
#3325=CARTESIAN_POINT('',(-0.0455886686856149,0.00447808440353135,0.0122));
#3326=CARTESIAN_POINT('',(-0.0399327923447649,0.0101339607443812,0.0122));
#3327=CARTESIAN_POINT('',(-0.0342769160039151,0.0157898370852311,0.0122));
#3328=CARTESIAN_POINT('',(-0.0335795687094474,0.0160786879101505,0.0122));
#3329=CARTESIAN_POINT('',(0.0315776151446975,0.0160690658729741,0.0122));
#3330=CARTESIAN_POINT('',(0.0315776151446975,0.0160690658729741,0.));
#3331=CARTESIAN_POINT('',(0.0322981920823371,0.0157705930108781,0.));
#3332=CARTESIAN_POINT('',(0.0322981920823371,0.0157705930108781,0.0122));
#3333=CARTESIAN_POINT('',(0.0381253247024847,0.00994346039073045,0.0122));
#3334=CARTESIAN_POINT('',(0.0381253247024847,0.00994346039073045,0.));
#3335=CARTESIAN_POINT('',(0.0439524573226324,0.00411632777058279,0.));
#3336=CARTESIAN_POINT('',(0.0439524573226324,0.00411632777058279,0.0122));
#3337=CARTESIAN_POINT('',(0.0442509302107197,0.00339575065993465,0.0122));
#3338=CARTESIAN_POINT('',(0.0442509302107197,0.00339575065993465,0.));
#3339=CARTESIAN_POINT('',(0.0435297167712261,-0.0156493611887224,0.0122));
#3340=CARTESIAN_POINT('',(0.0435297167712261,-0.0156493611887224,0.));
#3341=CARTESIAN_POINT('',(-0.0425227779992466,-0.0166845370283685,0.0122));
#3342=CARTESIAN_POINT('',(-0.0425227779992466,-0.0166845370283685,0.));
#3343=CARTESIAN_POINT('',(-0.0425385307855031,-0.0166789546764971,0.));
#3344=CARTESIAN_POINT('',(-0.0425385307855031,-0.0166789546764971,0.0122));
#3345=CARTESIAN_POINT('',(-0.0433534361695081,-0.0166770947488586,0.0122));
#3346=CARTESIAN_POINT('',(-0.0433534361695081,-0.0166770947488586,0.));
#3347=CARTESIAN_POINT('',(-0.0441683415535131,-0.01667523482122,0.));
#3348=CARTESIAN_POINT('',(-0.0441683415535131,-0.01667523482122,0.0122));
#3349=CARTESIAN_POINT('',(-0.0451641103599075,-0.0157376380002152,0.0122));
#3350=CARTESIAN_POINT('',(-0.0451641103599075,-0.0157376380002152,0.));
#3351=CARTESIAN_POINT('',(-0.0461598791663019,-0.0148000411792103,0.));
#3352=CARTESIAN_POINT('',(-0.0461598791663019,-0.0148000411792103,0.0122));
#3353=CARTESIAN_POINT('',(-0.0461631247495189,-0.00585832578573207,0.0122));
#3354=CARTESIAN_POINT('',(-0.0461631247495189,-0.00585832578573207,0.));
#3355=CARTESIAN_POINT('',(-0.0461663703327359,0.00308338960774613,0.));
#3356=CARTESIAN_POINT('',(-0.0461663703327359,0.00308338960774613,0.0122));
#3357=CARTESIAN_POINT('',(-0.0458775195091754,0.00378073700563874,0.0122));
#3358=CARTESIAN_POINT('',(-0.0458775195091754,0.00378073700563874,0.));
#3359=CARTESIAN_POINT('',(-0.0455886686856149,0.00447808440353135,0.));
#3360=CARTESIAN_POINT('',(-0.0455886686856149,0.00447808440353135,0.0122));
#3361=CARTESIAN_POINT('',(-0.0399327923447649,0.0101339607443812,0.0122));
#3362=CARTESIAN_POINT('',(-0.0399327923447649,0.0101339607443812,0.));
#3363=CARTESIAN_POINT('',(-0.0342769160039151,0.0157898370852311,0.));
#3364=CARTESIAN_POINT('',(-0.0342769160039151,0.0157898370852311,0.0122));
#3365=CARTESIAN_POINT('',(-0.0347276191985629,0.018850326428147,0.0122));
#3366=CARTESIAN_POINT('',(-0.0347276191985629,0.018850326428147,0.));
#3367=CARTESIAN_POINT('',(-0.0359762796550414,0.0183331141212241,0.));
#3368=CARTESIAN_POINT('',(-0.0359762796550414,0.0183331141212241,0.0122));
#3369=CARTESIAN_POINT('',(-0.0420541127181504,0.0122552810581151,0.0122));
#3370=CARTESIAN_POINT('',(-0.0420541127181504,0.0122552810581151,0.));
#3371=CARTESIAN_POINT('',(-0.0481319457812594,0.0061774479950061,0.));
#3372=CARTESIAN_POINT('',(-0.0481319457812594,0.0061774479950061,0.0122));
#3373=CARTESIAN_POINT('',(-0.0486491580569976,0.00492878742274842,0.0122));
#3374=CARTESIAN_POINT('',(-0.0486491580569976,0.00492878742274842,0.));
#3375=CARTESIAN_POINT('',(-0.0491663703327359,0.00368012685049075,0.));
#3376=CARTESIAN_POINT('',(-0.0491663703327359,0.00368012685049075,0.0122));
#3377=CARTESIAN_POINT('',(-0.0491663703327359,-0.00467551217038747,0.0122));
#3378=CARTESIAN_POINT('',(-0.0491663703327359,-0.00467551217038747,0.));
#3379=CARTESIAN_POINT('',(-0.0491663703327359,-0.0152732506394386,0.));
#3380=CARTESIAN_POINT('',(-0.0491663703327359,-0.0152732506394386,0.0122));
#3381=CARTESIAN_POINT('',(-0.0466673559431245,-0.0174816850098393,0.0122));
#3382=CARTESIAN_POINT('',(-0.0466673559431245,-0.0174816850098393,0.));
#3383=CARTESIAN_POINT('',(0.0456600420803009,-0.0177617146310961,0.0122));
#3384=CARTESIAN_POINT('',(0.0456600420803009,-0.0177617146310961,0.));
#3385=CARTESIAN_POINT('',(0.0470225687585424,0.00454380107704336,0.0122));
#3386=CARTESIAN_POINT('',(0.0470225687585424,0.00454380107704336,0.));
#3387=CARTESIAN_POINT('',(0.0464957344182777,0.00581569136205677,0.));
#3388=CARTESIAN_POINT('',(0.0464957344182777,0.00581569136205677,0.0122));
#3389=CARTESIAN_POINT('',(0.0402466450758701,0.0120647807044644,0.0122));
#3390=CARTESIAN_POINT('',(0.0402466450758701,0.0120647807044644,0.));
#3391=CARTESIAN_POINT('',(0.0339975557334625,0.018313870046872,0.));
#3392=CARTESIAN_POINT('',(0.0339975557334625,0.018313870046872,0.0122));
#3393=CARTESIAN_POINT('',(0.032725665633812,0.018840704390971,0.0122));
#3394=CARTESIAN_POINT('',(0.032725665633812,0.018840704390971,0.));
#3395=CARTESIAN_POINT('',(-0.0335795687094474,0.0160786879101505,0.0122));
#3396=CARTESIAN_POINT('',(-0.0335795687094474,0.0160786879101505,0.));
#3397=CARTESIAN_POINT('',(-0.000808483616964437,-0.00200292730341446,0.));
#3398=CARTESIAN_POINT('',(-0.0242,0.0170442225870905,0.0121540944533165));
#3399=CARTESIAN_POINT('',(-0.0242,0.0162942225870904,0.0121540944533165));
#3400=CARTESIAN_POINT('',(-0.0242,0.0160289957566766,0.0127228752266437));
#3401=CARTESIAN_POINT('',(-0.0242,0.0162942225870904,0.0121540944533165));
#3402=CARTESIAN_POINT('',(0.0308,0.0167789957566766,0.0132916559999709));
#3403=CARTESIAN_POINT('',(0.0308,0.0162942225870904,0.0121540944533165));
#3404=CARTESIAN_POINT('',(-0.0242,0.0162942225870904,0.0121540944533165));
#3405=CARTESIAN_POINT('',(-0.0242,0.016430168755146,0.0122174871925776));
#3406=CARTESIAN_POINT('',(-0.0242,0.0161649419247321,0.0127862679659048));
#3407=CARTESIAN_POINT('',(-0.0242,0.0159992217628305,0.0131416559999709));
#3408=CARTESIAN_POINT('',(-0.0242,0.0167789957566766,0.0131416559999709));
#3409=CARTESIAN_POINT('',(-0.0242,0.0176442225870905,0.0131416559999709));
#3410=CARTESIAN_POINT('',(-0.0242,0.0176442225870905,0.0127228752266437));
#3411=CARTESIAN_POINT('',(0.0165478129982949,-0.0219,0.005336169667402));
#3412=CARTESIAN_POINT('',(0.0165478129982949,-0.0219,0.00502503708207344));
#3413=CARTESIAN_POINT('',(0.0165478129982949,-0.0219,0.00564730225273057));
#3414=CARTESIAN_POINT('',(0.0147924219458608,-0.0219,0.00564730225273057));
#3415=CARTESIAN_POINT('',(0.0147924219458608,-0.0219,0.00740269330516457));
#3416=CARTESIAN_POINT('',(0.011593263829127,-0.0219,0.00740269330516457));
#3417=CARTESIAN_POINT('',(0.00839410571239309,-0.0219,0.00740269330516457));
#3418=CARTESIAN_POINT('',(0.00839410571239309,-0.0219,0.00564730225273057));
#3419=CARTESIAN_POINT('',(0.00663871465995908,-0.0219,0.00564730225273057));
#3420=CARTESIAN_POINT('',(0.00663871465995908,-0.0219,0.00528788539615454));
#3421=CARTESIAN_POINT('',(0.00663871465995908,-0.0219,0.00492846853957852));
#3422=CARTESIAN_POINT('',(0.00841824784801682,-0.0219,0.00492846853957852));
#3423=CARTESIAN_POINT('',(0.00841824784801682,-0.0219,0.00314893535152078));
#3424=CARTESIAN_POINT('',(0.0115449795578795,-0.0219,0.00314893535152078));
#3425=CARTESIAN_POINT('',(0.0146717112677422,-0.0219,0.00314893535152078));
#3426=CARTESIAN_POINT('',(0.0146717112677422,-0.0219,0.00502503708207344));
#3427=CARTESIAN_POINT('',(-0.0033058351255022,-0.0219,0.00740682418644428));
#3428=CARTESIAN_POINT('',(-0.000257204397947355,-0.0219,0.00740682418644428));
#3429=CARTESIAN_POINT('',(-0.00635446585305704,-0.0219,0.00740682418644428));
#3430=CARTESIAN_POINT('',(-0.00635446585305704,-0.0219,0.00545829604902043));
#3431=CARTESIAN_POINT('',(-0.0083029939904809,-0.0219,0.00545829604902043));
#3432=CARTESIAN_POINT('',(-0.0083029939904809,-0.0219,0.00526500423438847));
#3433=CARTESIAN_POINT('',(-0.0083029939904809,-0.0219,0.00507171241975652));
#3434=CARTESIAN_POINT('',(-0.00635446585305704,-0.0219,0.00507171241975651));
#3435=CARTESIAN_POINT('',(-0.00635446585305704,-0.0219,0.00312318428233266));
#3436=CARTESIAN_POINT('',(-0.0033058351255022,-0.0219,0.00312318428233266));
#3437=CARTESIAN_POINT('',(-0.000257204397947355,-0.0219,0.00312318428233266));
#3438=CARTESIAN_POINT('',(-0.000257204397947355,-0.0219,0.00507171241975652));
#3439=CARTESIAN_POINT('',(0.0016913237394765,-0.0219,0.00507171241975652));
#3440=CARTESIAN_POINT('',(0.0016913237394765,-0.0219,0.00526500423438847));
#3441=CARTESIAN_POINT('',(0.0016913237394765,-0.0219,0.00545829604902043));
#3442=CARTESIAN_POINT('',(-0.000257204397947353,-0.0219,0.00545829604902043));
#3443=CARTESIAN_POINT('',(-0.0336485599229769,-0.0219,0.0107334646508098));
#3444=CARTESIAN_POINT('',(-0.0275867461716551,-0.0219,0.0107334646508098));
#3445=CARTESIAN_POINT('',(-0.0397103736742987,-0.0219,0.0107334646508098));
#3446=CARTESIAN_POINT('',(-0.0397103736742987,-0.0219,0.00960576912459278));
#3447=CARTESIAN_POINT('',(-0.0408380692005157,-0.0219,0.00960576912459276));
#3448=CARTESIAN_POINT('',(-0.0408380692005157,-0.0219,0.00733878121642407));
#3449=CARTESIAN_POINT('',(-0.0408380692005157,-0.0219,0.00507179330825538));
#3450=CARTESIAN_POINT('',(-0.0397586579455462,-0.0219,0.00507179330825538));
#3451=CARTESIAN_POINT('',(-0.0397586579455462,-0.0219,0.00399238205328583));
#3452=CARTESIAN_POINT('',(-0.0337813416689074,-0.0219,0.00399238205328583));
#3453=CARTESIAN_POINT('',(-0.0278040253922687,-0.0219,0.00399238205328584));
#3454=CARTESIAN_POINT('',(-0.0278040253922687,-0.0219,0.00512007757950284));
#3455=CARTESIAN_POINT('',(-0.0266763298660517,-0.0219,0.00512007757950284));
#3456=CARTESIAN_POINT('',(-0.0266763298660517,-0.0219,0.00747156296235459));
#3457=CARTESIAN_POINT('',(-0.0266763298660517,-0.0219,0.00982304834520634));
#3458=CARTESIAN_POINT('',(-0.0275867461716551,-0.0219,0.00982304834520633));
#3459=CARTESIAN_POINT('',(0.0518,-8.93832421861589E-05,0.00527829642510956));
#3460=CARTESIAN_POINT('',(0.0518,-8.93832421861589E-05,0.0049882415322897));
#3461=CARTESIAN_POINT('',(0.0518,-8.93832421861589E-05,0.00556835131792943));
#3462=CARTESIAN_POINT('',(0.0518,-0.0018689164302439,0.00556835131792943));
#3463=CARTESIAN_POINT('',(0.0518,-0.0018689164302439,0.00734788450598717));
#3464=CARTESIAN_POINT('',(0.0518,-0.00506673540803604,0.00734788450598717));
#3465=CARTESIAN_POINT('',(0.0518,-0.00826455438582818,0.00734788450598717));
#3466=CARTESIAN_POINT('',(0.0518,-0.00826455438582818,0.00556835131792942));
#3467=CARTESIAN_POINT('',(0.0518,-0.0100440875738859,0.00556835131792943));
#3468=CARTESIAN_POINT('',(0.0518,-0.0100440875738859,0.00532658069635702));
#3469=CARTESIAN_POINT('',(0.0518,-0.0100440875738859,0.00508481007478462));
#3470=CARTESIAN_POINT('',(0.0518,-0.00809555943646206,0.00508481007478462));
#3471=CARTESIAN_POINT('',(0.0518,-0.00809555943646206,0.00313628193736077));
#3472=CARTESIAN_POINT('',(0.0518,-0.00501845113678858,0.00313628193736077));
#3473=CARTESIAN_POINT('',(0.0518,-0.0019413428371151,0.00313628193736077));
#3474=CARTESIAN_POINT('',(0.0518,-0.00194134283711509,0.0049882415322897));
#3475=CARTESIAN_POINT('',(-0.0208535197349642,0.025,0.00402998373657465));
#3476=CARTESIAN_POINT('',(-0.0146575747513013,0.025,0.00402998373657465));
#3477=CARTESIAN_POINT('',(-0.0270494647186272,0.025,0.00402998373657465));
#3478=CARTESIAN_POINT('',(-0.0146575747513013,0.025,0.00481968936405942));
#3479=CARTESIAN_POINT('',(-0.0138678691238165,0.025,0.00481968936405942));
#3480=CARTESIAN_POINT('',(-0.0138678691238165,0.025,0.00727030385009989));
#3481=CARTESIAN_POINT('',(-0.0138678691238165,0.025,0.00972091833614036));
#3482=CARTESIAN_POINT('',(-0.0148507118362911,0.025,0.00972091833614036));
#3483=CARTESIAN_POINT('',(-0.0148507118362911,0.025,0.010703761048615));
#3484=CARTESIAN_POINT('',(-0.0209500882774592,0.025,0.010703761048615));
#3485=CARTESIAN_POINT('',(-0.0270494647186272,0.025,0.010703761048615));
#3486=CARTESIAN_POINT('',(-0.0270494647186272,0.025,0.00972091833614035));
#3487=CARTESIAN_POINT('',(-0.0280323074311018,0.025,0.00972091833614036));
#3488=CARTESIAN_POINT('',(-0.0280323074311018,0.025,0.00736687239259482));
#3489=CARTESIAN_POINT('',(-0.0280323074311018,0.025,0.00501282644904927));
#3490=CARTESIAN_POINT('',(-0.0270494647186272,0.025,0.00501282644904928));
#3491=CARTESIAN_POINT('',(0.,0.,0.));
#3492=CARTESIAN_POINT('',(0.00331820290893509,0.01636753873507,0.0015));
#3493=CARTESIAN_POINT('',(0.00331820290893509,0.01636753873507,0.));
#3494=CARTESIAN_POINT('',(-0.0328822214149797,0.01636753873507,0.));
#3495=CARTESIAN_POINT('',(0.030857038207058,0.01636753873507,0.));
#3496=CARTESIAN_POINT('',(-0.0328822214149797,0.01636753873507,0.0015));
#3497=CARTESIAN_POINT('',(-0.0328822214149797,0.01636753873507,0.0015));
#3498=CARTESIAN_POINT('',(0.00331820290893509,0.01636753873507,0.0015));
#3499=CARTESIAN_POINT('',(0.030857038207058,0.01636753873507,0.0015));
#3500=CARTESIAN_POINT('',(0.030857038207058,0.01636753873507,0.0015));
#3501=CARTESIAN_POINT('',(-0.0335795687094474,0.0160786879101505,0.0015));
#3502=CARTESIAN_POINT('',(-0.0335795687094474,0.0160786879101505,0.));
#3503=CARTESIAN_POINT('',(-0.0342769160039151,0.0157898370852311,0.));
#3504=CARTESIAN_POINT('',(-0.0342769160039151,0.0157898370852311,0.0015));
#3505=CARTESIAN_POINT('',(-0.0342769160039151,0.0157898370852311,0.0015));
#3506=CARTESIAN_POINT('',(-0.0335795687094474,0.0160786879101505,0.0015));
#3507=CARTESIAN_POINT('',(-0.0399327923447649,0.0101339607443812,0.0015));
#3508=CARTESIAN_POINT('',(-0.0399327923447649,0.0101339607443812,0.));
#3509=CARTESIAN_POINT('',(-0.0455886686856149,0.00447808440353135,0.));
#3510=CARTESIAN_POINT('',(-0.0455886686856149,0.00447808440353135,0.0015));
#3511=CARTESIAN_POINT('',(-0.0455886686856149,0.00447808440353135,0.0015));
#3512=CARTESIAN_POINT('',(-0.0399327923447649,0.0101339607443812,0.0015));
#3513=CARTESIAN_POINT('',(-0.0458775195091754,0.00378073700563874,0.0015));
#3514=CARTESIAN_POINT('',(-0.0458775195091754,0.00378073700563874,0.));
#3515=CARTESIAN_POINT('',(-0.0461663703327359,0.00308338960774613,0.));
#3516=CARTESIAN_POINT('',(-0.0461663703327359,0.00308338960774613,0.0015));
#3517=CARTESIAN_POINT('',(-0.0461663703327359,0.00308338960774613,0.0015));
#3518=CARTESIAN_POINT('',(-0.0458775195091754,0.00378073700563874,0.0015));
#3519=CARTESIAN_POINT('',(-0.0461631247495189,-0.00585832578573207,0.0015));
#3520=CARTESIAN_POINT('',(-0.0461631247495189,-0.00585832578573207,0.));
#3521=CARTESIAN_POINT('',(-0.0461598791663019,-0.0148000411792103,0.));
#3522=CARTESIAN_POINT('',(-0.0461598791663019,-0.0148000411792103,0.0015));
#3523=CARTESIAN_POINT('',(-0.0461598791663019,-0.0148000411792103,0.0015));
#3524=CARTESIAN_POINT('',(-0.0461631247495189,-0.00585832578573207,0.0015));
#3525=CARTESIAN_POINT('',(-0.0451641103599075,-0.0157376380002152,0.0015));
#3526=CARTESIAN_POINT('',(-0.0451641103599075,-0.0157376380002152,0.));
#3527=CARTESIAN_POINT('',(-0.0441683415535131,-0.01667523482122,0.));
#3528=CARTESIAN_POINT('',(-0.0441683415535131,-0.01667523482122,0.0015));
#3529=CARTESIAN_POINT('',(-0.0441683415535131,-0.01667523482122,0.0015));
#3530=CARTESIAN_POINT('',(-0.0451641103599075,-0.0157376380002152,0.0015));
#3531=CARTESIAN_POINT('',(-0.0433534361695081,-0.0166770947488586,0.0015));
#3532=CARTESIAN_POINT('',(-0.0433534361695081,-0.0166770947488586,0.));
#3533=CARTESIAN_POINT('',(-0.0425385307855031,-0.0166789546764971,0.));
#3534=CARTESIAN_POINT('',(-0.0425385307855031,-0.0166789546764971,0.0015));
#3535=CARTESIAN_POINT('',(-0.0425385307855031,-0.0166789546764971,0.0015));
#3536=CARTESIAN_POINT('',(-0.0433534361695081,-0.0166770947488586,0.0015));
#3537=CARTESIAN_POINT('',(-0.0425227779992466,-0.0166845370283685,0.0015));
#3538=CARTESIAN_POINT('',(-0.0425227779992466,-0.0166845370283685,0.));
#3539=CARTESIAN_POINT('',(-0.04250702521299,-0.0166901193802398,0.));
#3540=CARTESIAN_POINT('',(-0.04250702521299,-0.0166901193802398,0.0015));
#3541=CARTESIAN_POINT('',(-0.04250702521299,-0.0166901193802398,0.0015));
#3542=CARTESIAN_POINT('',(-0.0425227779992466,-0.0166845370283685,0.0015));
#3543=CARTESIAN_POINT('',(1.50261532807713E-06,-0.0166901193802394,0.0015));
#3544=CARTESIAN_POINT('',(1.50261532807713E-06,-0.0166901193802394,0.));
#3545=CARTESIAN_POINT('',(0.0425100304436461,-0.016690119380239,0.));
#3546=CARTESIAN_POINT('',(0.0425100304436461,-0.016690119380239,0.0015));
#3547=CARTESIAN_POINT('',(0.0425100304436461,-0.016690119380239,0.0015));
#3548=CARTESIAN_POINT('',(1.50261532807713E-06,-0.0166901193802394,0.0015));
#3549=CARTESIAN_POINT('',(0.0435297167712261,-0.0156493611887224,0.0015));
#3550=CARTESIAN_POINT('',(0.0435297167712261,-0.0156493611887224,0.));
#3551=CARTESIAN_POINT('',(0.0445494030988062,-0.0146086029972058,0.));
#3552=CARTESIAN_POINT('',(0.0445494030988062,-0.0146086029972058,0.0015));
#3553=CARTESIAN_POINT('',(0.0445494030988062,-0.0146086029972058,0.0015));
#3554=CARTESIAN_POINT('',(0.0435297167712261,-0.0156493611887224,0.0015));
#3555=CARTESIAN_POINT('',(0.0445494030988066,-0.00596671472395964,0.0015));
#3556=CARTESIAN_POINT('',(0.0445494030988066,-0.00596671472395964,0.));
#3557=CARTESIAN_POINT('',(0.044549403098807,0.00267517354928651,0.));
#3558=CARTESIAN_POINT('',(0.044549403098807,0.00267517354928651,0.0015));
#3559=CARTESIAN_POINT('',(0.044549403098807,0.00267517354928651,0.0015));
#3560=CARTESIAN_POINT('',(0.0445494030988066,-0.00596671472395964,0.0015));
#3561=CARTESIAN_POINT('',(0.0442509302107197,0.00339575065993465,0.0015));
#3562=CARTESIAN_POINT('',(0.0442509302107197,0.00339575065993465,0.));
#3563=CARTESIAN_POINT('',(0.0439524573226324,0.00411632777058279,0.));
#3564=CARTESIAN_POINT('',(0.0439524573226324,0.00411632777058279,0.0015));
#3565=CARTESIAN_POINT('',(0.0439524573226324,0.00411632777058279,0.0015));
#3566=CARTESIAN_POINT('',(0.0442509302107197,0.00339575065993465,0.0015));
#3567=CARTESIAN_POINT('',(0.0381253247024847,0.00994346039073045,0.0015));
#3568=CARTESIAN_POINT('',(0.0381253247024847,0.00994346039073045,0.));
#3569=CARTESIAN_POINT('',(0.0322981920823371,0.0157705930108781,0.));
#3570=CARTESIAN_POINT('',(0.0322981920823371,0.0157705930108781,0.0015));
#3571=CARTESIAN_POINT('',(0.0322981920823371,0.0157705930108781,0.0015));
#3572=CARTESIAN_POINT('',(0.0381253247024847,0.00994346039073045,0.0015));
#3573=CARTESIAN_POINT('',(0.0315776151446975,0.0160690658729741,0.0015));
#3574=CARTESIAN_POINT('',(0.0315776151446975,0.0160690658729741,0.));
#3575=CARTESIAN_POINT('',(0.0315776151446975,0.0160690658729741,0.0015));
#3576=CARTESIAN_POINT('',(-0.000808483616964437,-0.00200292730341446,0.0015));
#3577=CARTESIAN_POINT('',(0.023766065532131,-0.010384810769622,0.0015));
#3578=CARTESIAN_POINT('',(0.026166070612141,-0.010384810769622,0.0015));
#3579=CARTESIAN_POINT('',(0.031640081280163,0.00650622301244,0.0015));
#3580=CARTESIAN_POINT('',(0.034040086360173,0.00650622301244,0.0015));
#3581=CARTESIAN_POINT('',(-0.03300304800609,0.00752222504445001,0.0015));
#3582=CARTESIAN_POINT('',(-0.03060304292608,0.00752222504445001,0.0015));
#3583=CARTESIAN_POINT('',(-0.017763017526035,-0.00962280924561799,0.0015));
#3584=CARTESIAN_POINT('',(-0.015363012446025,-0.00962280924561799,0.0015));
#3585=CARTESIAN_POINT('',(-0.000808483616964437,-0.00200292730341446,0.));
#3586=CARTESIAN_POINT('',(-0.017763017526035,-0.00962280924561799,0.0119));
#3587=CARTESIAN_POINT('',(-0.017763017526035,-0.00962280924561799,0.0119));
#3588=CARTESIAN_POINT('',(-0.015363012446025,-0.00962280924561799,0.0119));
#3589=CARTESIAN_POINT('',(-0.000681483362963503,-0.00143129286258599,0.0119));
#3590=CARTESIAN_POINT('',(-0.03300304800609,0.00752222504445001,0.0119));
#3591=CARTESIAN_POINT('',(-0.03300304800609,0.00752222504445001,0.0119));
#3592=CARTESIAN_POINT('',(-0.03060304292608,0.00752222504445001,0.0119));
#3593=CARTESIAN_POINT('',(-0.000681483362963503,-0.00143129286258599,0.0119));
#3594=CARTESIAN_POINT('',(0.031640081280163,0.00650622301244,0.0119));
#3595=CARTESIAN_POINT('',(0.031640081280163,0.00650622301244,0.0119));
#3596=CARTESIAN_POINT('',(0.034040086360173,0.00650622301244,0.0119));
#3597=CARTESIAN_POINT('',(-0.000681483362963503,-0.00143129286258599,0.0119));
#3598=CARTESIAN_POINT('',(0.023766065532131,-0.010384810769622,0.0119));
#3599=CARTESIAN_POINT('',(0.023766065532131,-0.010384810769622,0.0119));
#3600=CARTESIAN_POINT('',(0.026166070612141,-0.010384810769622,0.0119));
#3601=CARTESIAN_POINT('',(-0.000681483362963503,-0.00143129286258599,0.0119));
#3602=CARTESIAN_POINT('',(0.,0.,0.));
#3603=CARTESIAN_POINT('',(-0.0242,-0.0174327772110701,0.0122090111103912));
#3604=CARTESIAN_POINT('',(-0.0242,-0.0180327772110701,0.0122090111103912));
#3605=CARTESIAN_POINT('',(-0.0242,-0.0180327772110701,0.0122090111103912));
#3606=CARTESIAN_POINT('',(0.0424,-0.0180327772110701,0.0122090111103912));
#3607=CARTESIAN_POINT('',(-0.0242,-0.0174327772110701,0.0122090111103912));
#3608=CARTESIAN_POINT('',(-0.0242,-0.01668277721107,0.0122090111103912));
#3609=CARTESIAN_POINT('',(-0.0242,-0.01668277721107,0.0122090111103912));
#3610=CARTESIAN_POINT('',(0.0424,-0.01668277721107,0.0122090111103912));
#3611=CARTESIAN_POINT('',(0.0424,-0.0174327772110701,0.0122090111103912));
#3612=CARTESIAN_POINT('',(-0.0242,-0.0171804672843738,0.0127500914943047));
#3613=CARTESIAN_POINT('',(-0.0242,-0.0165664134524293,0.0128134842335658));
#3614=CARTESIAN_POINT('',(-0.0242,-0.0168187233791256,0.0122724038496523));
#3615=CARTESIAN_POINT('',(-0.0242,-0.016413610194245,0.0131411718782182));
#3616=CARTESIAN_POINT('',(-0.0242,-0.01668277721107,0.0122090111103912));
#3617=CARTESIAN_POINT('',(-0.0242,-0.0180327772110701,0.0127500914943047));
#3618=CARTESIAN_POINT('',(-0.0242,-0.0180327772110701,0.0131411718782182));
#3619=CARTESIAN_POINT('',(-0.0242,-0.0171804672843738,0.0131411718782182));
#3620=CARTESIAN_POINT('',(0.0424,-0.0171804672843738,0.0127500914943047));
#3621=CARTESIAN_POINT('',(0.0424,-0.0180327772110701,0.0127500914943047));
#3622=CARTESIAN_POINT('',(0.0424,-0.0180327772110701,0.0131411718782182));
#3623=CARTESIAN_POINT('',(0.0424,-0.01668277721107,0.0122090111103912));
#3624=CARTESIAN_POINT('',(0.0424,-0.0168187233791256,0.0122724038496523));
#3625=CARTESIAN_POINT('',(0.0424,-0.0165664134524293,0.0128134842335658));
#3626=CARTESIAN_POINT('',(0.0424,-0.016413610194245,0.0131411718782182));
#3627=CARTESIAN_POINT('',(0.0424,-0.0171804672843738,0.0131411718782182));
#3628=CARTESIAN_POINT('',(-0.0242,-0.01668277721107,0.0122090111103912));
#3629=CARTESIAN_POINT('',(-0.0242,-0.0168187233791256,0.0122724038496523));
#3630=CARTESIAN_POINT('',(-0.0242,-0.0171804672843738,0.0131411718782182));
#3631=CARTESIAN_POINT('',(-0.0242,-0.016413610194245,0.0131411718782182));
#3632=CARTESIAN_POINT('',(-0.0242,-0.0180327772110701,0.0131411718782182));
#3633=CARTESIAN_POINT('',(-0.0242,-0.0180327772110701,0.0127500914943047));
#3634=CARTESIAN_POINT('',(-0.0242,-0.0165664134524293,0.0128134842335658));
#3635=MECHANICAL_DESIGN_GEOMETRIC_PRESENTATION_REPRESENTATION('',(#2132),#3638);
#3636=MECHANICAL_DESIGN_GEOMETRIC_PRESENTATION_REPRESENTATION('',(#2133,#10,#11,#12,#13,#14,#15,#16,#17,#18,#19,#20,#21,#22,#23,#24,#25,#26,#27,#28,#29,#30,#31,#32,#33),#3639);
#3637=MECHANICAL_DESIGN_GEOMETRIC_PRESENTATION_REPRESENTATION('',(#2134),#3640);
#3638=(
GEOMETRIC_REPRESENTATION_CONTEXT(3)
GLOBAL_UNCERTAINTY_ASSIGNED_CONTEXT((#3641))
GLOBAL_UNIT_ASSIGNED_CONTEXT((#3650,#3647,#3644))
REPRESENTATION_CONTEXT('Part 64','TOP_LEVEL_ASSEMBLY_PART')
);
#3639=(
GEOMETRIC_REPRESENTATION_CONTEXT(3)
GLOBAL_UNCERTAINTY_ASSIGNED_CONTEXT((#3642))
GLOBAL_UNIT_ASSIGNED_CONTEXT((#3651,#3648,#3645))
REPRESENTATION_CONTEXT('Part 65','TOP_LEVEL_ASSEMBLY_PART')
);
#3640=(
GEOMETRIC_REPRESENTATION_CONTEXT(3)
GLOBAL_UNCERTAINTY_ASSIGNED_CONTEXT((#3643))
GLOBAL_UNIT_ASSIGNED_CONTEXT((#3652,#3649,#3646))
REPRESENTATION_CONTEXT('Part 67','TOP_LEVEL_ASSEMBLY_PART')
);
#3641=UNCERTAINTY_MEASURE_WITH_UNIT(LENGTH_MEASURE(1.E-08),#3650,'DISTANCE_ACCURACY_VALUE','Maximum Tolerance applied to model');
#3642=UNCERTAINTY_MEASURE_WITH_UNIT(LENGTH_MEASURE(1.E-08),#3651,'DISTANCE_ACCURACY_VALUE','Maximum Tolerance applied to model');
#3643=UNCERTAINTY_MEASURE_WITH_UNIT(LENGTH_MEASURE(1.E-08),#3652,'DISTANCE_ACCURACY_VALUE','Maximum Tolerance applied to model');
#3644=(
NAMED_UNIT(*)
SI_UNIT($,.STERADIAN.)
SOLID_ANGLE_UNIT()
);
#3645=(
NAMED_UNIT(*)
SI_UNIT($,.STERADIAN.)
SOLID_ANGLE_UNIT()
);
#3646=(
NAMED_UNIT(*)
SI_UNIT($,.STERADIAN.)
SOLID_ANGLE_UNIT()
);
#3647=(
NAMED_UNIT(*)
PLANE_ANGLE_UNIT()
SI_UNIT($,.RADIAN.)
);
#3648=(
NAMED_UNIT(*)
PLANE_ANGLE_UNIT()
SI_UNIT($,.RADIAN.)
);
#3649=(
NAMED_UNIT(*)
PLANE_ANGLE_UNIT()
SI_UNIT($,.RADIAN.)
);
#3650=(
LENGTH_UNIT()
NAMED_UNIT(*)
SI_UNIT($,.METRE.)
);
#3651=(
LENGTH_UNIT()
NAMED_UNIT(*)
SI_UNIT($,.METRE.)
);
#3652=(
LENGTH_UNIT()
NAMED_UNIT(*)
SI_UNIT($,.METRE.)
);
#3653=PRODUCT_DEFINITION_SHAPE('','',#3656);
#3654=PRODUCT_DEFINITION_SHAPE('','',#3657);
#3655=PRODUCT_DEFINITION_SHAPE('','',#3658);
#3656=PRODUCT_DEFINITION('','',#3662,#3659);
#3657=PRODUCT_DEFINITION('','',#3663,#3660);
#3658=PRODUCT_DEFINITION('','',#3664,#3661);
#3659=PRODUCT_DEFINITION_CONTEXT('',#3680,'design');
#3660=PRODUCT_DEFINITION_CONTEXT('',#3681,'design');
#3661=PRODUCT_DEFINITION_CONTEXT('',#3682,'design');
#3662=PRODUCT_DEFINITION_FORMATION_WITH_SPECIFIED_SOURCE('','',#3668,.NOT_KNOWN.);
#3663=PRODUCT_DEFINITION_FORMATION_WITH_SPECIFIED_SOURCE('','',#3669,.NOT_KNOWN.);
#3664=PRODUCT_DEFINITION_FORMATION_WITH_SPECIFIED_SOURCE('','',#3670,.NOT_KNOWN.);
#3665=PRODUCT_RELATED_PRODUCT_CATEGORY('','',(#3668));
#3666=PRODUCT_RELATED_PRODUCT_CATEGORY('','',(#3669));
#3667=PRODUCT_RELATED_PRODUCT_CATEGORY('','',(#3670));
#3668=PRODUCT('Part 64','Part 64','Part 64',(#3674));
#3669=PRODUCT('Part 65','Part 65','Part 65',(#3675));
#3670=PRODUCT('Part 67','Part 67','Part 67',(#3676));
#3671=PRODUCT_CATEGORY('','');
#3672=PRODUCT_CATEGORY('','');
#3673=PRODUCT_CATEGORY('','');
#3674=PRODUCT_CONTEXT('',#3680,'mechanical');
#3675=PRODUCT_CONTEXT('',#3681,'mechanical');
#3676=PRODUCT_CONTEXT('',#3682,'mechanical');
#3677=APPLICATION_PROTOCOL_DEFINITION('international standard','ap242_managed_model_based_3d_engineering',2020,#3680);
#3678=APPLICATION_PROTOCOL_DEFINITION('international standard','ap242_managed_model_based_3d_engineering',2020,#3681);
#3679=APPLICATION_PROTOCOL_DEFINITION('international standard','ap242_managed_model_based_3d_engineering',2020,#3682);
#3680=APPLICATION_CONTEXT('managed model based 3d engineering');
#3681=APPLICATION_CONTEXT('managed model based 3d engineering');
#3682=APPLICATION_CONTEXT('managed model based 3d engineering');
#3683=COMPOSITE_SHAPE_ASPECT('DISTANCE.FJTMcXtC9rlZ9kY_167',$,#3653,$);
#3684=SHAPE_ASPECT('DISTANCE.FJTMcXtC9rlZ9kY_167',$,#3653,.T.);
#3685=GEOMETRIC_ITEM_SPECIFIC_USAGE('','',#3684,#38,#2028);
#3686=SHAPE_ASPECT_RELATIONSHIP('','',#3683,#3684);
#3687=SHAPE_ASPECT('DISTANCE.FJTMcXtC9rlZ9kY_167',$,#3653,.T.);
#3688=GEOMETRIC_ITEM_SPECIFIC_USAGE('','',#3687,#38,#2027);
#3689=SHAPE_ASPECT_RELATIONSHIP('','',#3683,#3687);
#3690=COMPOSITE_SHAPE_ASPECT('DISTANCE.FJTMcXtC9rlZ9kY_167',$,#3653,$);
#3691=SHAPE_ASPECT('DISTANCE.FJTMcXtC9rlZ9kY_167',$,#3653,.T.);
#3692=GEOMETRIC_ITEM_SPECIFIC_USAGE('','',#3691,#38,#2026);
#3693=SHAPE_ASPECT_RELATIONSHIP('','',#3690,#3691);
#3694=SHAPE_ASPECT('DISTANCE.FJTMcXtC9rlZ9kY_167',$,#3653,.T.);
#3695=GEOMETRIC_ITEM_SPECIFIC_USAGE('','',#3694,#38,#2025);
#3696=SHAPE_ASPECT_RELATIONSHIP('','',#3690,#3694);
#3697=DIMENSIONAL_LOCATION('linear distance','DISTANCE.FJTMcXtC9rlZ9kY_167',#3683,#3690);
#3699=(
LENGTH_UNIT()
NAMED_UNIT(*)
SI_UNIT(.MILLI.,.METRE.)
);
#3700=PRECISION_QUALIFIER(3);
#3698=(
LENGTH_MEASURE_WITH_UNIT()
MEASURE_REPRESENTATION_ITEM()
MEASURE_WITH_UNIT(POSITIVE_LENGTH_MEASURE(55.),#3699)
QUALIFIED_REPRESENTATION_ITEM((#3700))
REPRESENTATION_ITEM('nominal value')
);
#3701=SHAPE_DIMENSION_REPRESENTATION('',(#3698),#3638);
#3702=DIMENSIONAL_CHARACTERISTIC_REPRESENTATION(#3697,#3701);
#3703=PRESENTATION_STYLE_ASSIGNMENT((NULL_STYLE(.NULL.)));
#3704=CARTESIAN_POINT('',(0.0033,0.0163308806610802,0.0121455474829992));
#3705=DIRECTION('',(0.,-1.,0.));
#3706=DIRECTION('',(-1.,0.,0.));
#3707=AXIS2_PLACEMENT_3D('',#3704,#3705,#3706);
#3708=PLANE('',#3707);
#3709=ANNOTATION_PLANE('',(#3703),#3708,(#3736));
#3710=CARTESIAN_POINT('',(0.,0.,0.));
#3711=DIRECTION('',(0.,0.,1.));
#3712=DIRECTION('',(1.,0.,0.));
#3713=AXIS2_PLACEMENT_3D('',#3710,#3711,#3712);
#3714=CARTESIAN_POINT('',(0.,0.,0.));
#3715=DIRECTION('',(0.,0.,1.));
#3716=DIRECTION('',(1.,0.,0.));
#3717=AXIS2_PLACEMENT_3D('',#3714,#3715,#3716);
#3718=SHAPE_REPRESENTATION('',(#3717,#2298),#3638);
#3719=REPRESENTATION_MAP(#3713,#3718);
#3720=MAPPED_ITEM('',#3719,#3713);
#3721=PRESENTATION_STYLE_ASSIGNMENT((NULL_STYLE(.NULL.)));
#3722=STYLED_ITEM('',(#3721),#3720);
#3723=DRAUGHTING_MODEL('',(#3709,#3713,#3720,#3722),#3638);
#3724=DRAUGHTING_PRE_DEFINED_CURVE_FONT('continuous');
#3725=COLOUR_RGB('',0.,0.,0.);
#3726=CURVE_STYLE('',#3724,POSITIVE_LENGTH_MEASURE(0.02),#3725);
#3727=PRESENTATION_STYLE_ASSIGNMENT((#3726));
#3728=COORDINATES_LIST('coordinates',738,((0.0281167,0.0163309,0.0112511),(0.0308000,0.0163309,0.0121455),(0.0281167,0.0163309,0.0130400),(-0.0215167,0.0163309,0.0130400),(-0.0242000,0.0163309,0.0121455),(-0.0215167,0.0163309,0.0112511),(0.0029465,0.0163309,0.0132520),(0.0029444,0.0163309,0.0133007),(0.0029205,0.0163309,0.0133928),(0.0029465,0.0163309,0.0132520),(0.0029205,0.0163309,0.0133928),(0.0028926,0.0163309,0.0134791),(0.0029465,0.0163309,0.0132520),(0.0028926,0.0163309,0.0134791),(0.0028608,0.0163309,0.0135596),(0.0029465,0.0163309,0.0132520),(0.0028608,0.0163309,0.0135596),(0.0028251,0.0163309,0.0136344),(0.0029465,0.0163309,0.0132520),(0.0028251,0.0163309,0.0136344),(0.0027854,0.0163309,0.0137033),(0.0029465,0.0163309,0.0132520),(0.0027854,0.0163309,0.0137033),(0.0027418,0.0163309,0.0137665),(0.0029465,0.0163309,0.0132520),(0.0027418,0.0163309,0.0137665),(0.0026428,0.0163309,0.0138754),(0.0029465,0.0163309,0.0132520),(0.0026428,0.0163309,0.0138754),(0.0025618,0.0163309,0.0139448),(0.0029465,0.0163309,0.0132520),(0.0025618,0.0163309,0.0139448),(0.0024787,0.0163309,0.0140050),(0.0029465,0.0163309,0.0132520),(0.0024787,0.0163309,0.0140050),(0.0023934,0.0163309,0.0140560),(0.0029465,0.0163309,0.0132520),(0.0023934,0.0163309,0.0140560),(0.0023060,0.0163309,0.0140976),(0.0029465,0.0163309,0.0132520),(0.0023060,0.0163309,0.0140976),(0.0022164,0.0163309,0.0141301),(0.0029465,0.0163309,0.0132520),(0.0022164,0.0163309,0.0141301),(0.0021247,0.0163309,0.0141532),(0.0029465,0.0163309,0.0132520),(0.0021247,0.0163309,0.0141532),(0.0020308,0.0163309,0.0141671),(0.0029465,0.0163309,0.0132520),(0.0020308,0.0163309,0.0141671),(0.0019348,0.0163309,0.0141717),(0.0029465,0.0163309,0.0132520),(0.0019348,0.0163309,0.0141717),(0.0018395,0.0163309,0.0141670),(0.0029465,0.0163309,0.0132520),(0.0018395,0.0163309,0.0141670),(0.0017469,0.0163309,0.0141529),(0.0029465,0.0163309,0.0132520),(0.0017469,0.0163309,0.0141529),(0.0016569,0.0163309,0.0141293),(0.0029465,0.0163309,0.0132520),(0.0016569,0.0163309,0.0141293),(0.0015696,0.0163309,0.0140963),(0.0015696,0.0163309,0.0140963),(0.0014850,0.0163309,0.0140539),(0.0014029,0.0163309,0.0140021),(0.0015696,0.0163309,0.0140963),(0.0014029,0.0163309,0.0140021),(0.0013236,0.0163309,0.0139408),(0.0015696,0.0163309,0.0140963),(0.0013236,0.0163309,0.0139408),(0.0012468,0.0163309,0.0138701),(0.0015696,0.0163309,0.0140963),(0.0012468,0.0163309,0.0138701),(0.0011667,0.0163309,0.0137819),(0.0015696,0.0163309,0.0140963),(0.0011667,0.0163309,0.0137819),(0.0010973,0.0163309,0.0136870),(0.0015696,0.0163309,0.0140963),(0.0010973,0.0163309,0.0136870),(0.0010385,0.0163309,0.0135855),(0.0015696,0.0163309,0.0140963),(0.0010385,0.0163309,0.0135855),(0.0009905,0.0163309,0.0134775),(0.0015696,0.0163309,0.0140963),(0.0009905,0.0163309,0.0134775),(0.0009531,0.0163309,0.0133628),(0.0015696,0.0163309,0.0140963),(0.0009531,0.0163309,0.0133628),(0.0009264,0.0163309,0.0132415),(0.0015696,0.0163309,0.0140963),(0.0009264,0.0163309,0.0132415),(0.0009103,0.0163309,0.0131135),(0.0015696,0.0163309,0.0140963),(0.0009103,0.0163309,0.0131135),(0.0009050,0.0163309,0.0129790),(0.0015696,0.0163309,0.0140963),(0.0009050,0.0163309,0.0129790),(0.0009063,0.0163309,0.0128757),(0.0015696,0.0163309,0.0140963),(0.0009063,0.0163309,0.0128757),(0.0009102,0.0163309,0.0127765),(0.0015696,0.0163309,0.0140963),(0.0009102,0.0163309,0.0127765),(0.0009166,0.0163309,0.0126813),(0.0015696,0.0163309,0.0140963),(0.0009166,0.0163309,0.0126813),(0.0009256,0.0163309,0.0125901),(0.0015696,0.0163309,0.0140963),(0.0009256,0.0163309,0.0125901),(0.0009372,0.0163309,0.0125030),(0.0015696,0.0163309,0.0140963),(0.0009372,0.0163309,0.0125030),(0.0009514,0.0163309,0.0124199),(0.0015696,0.0163309,0.0140963),(0.0009514,0.0163309,0.0124199),(0.0009682,0.0163309,0.0123409),(0.0015696,0.0163309,0.0140963),(0.0009682,0.0163309,0.0123409),(0.0009875,0.0163309,0.0122659),(0.0015696,0.0163309,0.0140963),(0.0009875,0.0163309,0.0122659),(0.0010340,0.0163309,0.0121281),(0.0010340,0.0163309,0.0121281),(0.0010907,0.0163309,0.0120064),(0.0011578,0.0163309,0.0119010),(0.0010340,0.0163309,0.0121281),(0.0011578,0.0163309,0.0119010),(0.0012352,0.0163309,0.0118116),(0.0010340,0.0163309,0.0121281),(0.0012352,0.0163309,0.0118116),(0.0013147,0.0163309,0.0117422),(0.0010340,0.0163309,0.0121281),(0.0013147,0.0163309,0.0117422),(0.0013965,0.0163309,0.0116820),(0.0010340,0.0163309,0.0121281),(0.0013965,0.0163309,0.0116820),(0.0014807,0.0163309,0.0116311),(0.0010340,0.0163309,0.0121281),(0.0014807,0.0163309,0.0116311),(0.0015672,0.0163309,0.0115894),(0.0010340,0.0163309,0.0121281),(0.0015672,0.0163309,0.0115894),(0.0016561,0.0163309,0.0115570),(0.0010340,0.0163309,0.0121281),(0.0016561,0.0163309,0.0115570),(0.0017474,0.0163309,0.0115338),(0.0010340,0.0163309,0.0121281),(0.0017474,0.0163309,0.0115338),(0.0018409,0.0163309,0.0115199),(0.0010340,0.0163309,0.0121281),(0.0018409,0.0163309,0.0115199),(0.0019369,0.0163309,0.0115153),(0.0010340,0.0163309,0.0121281),(0.0019369,0.0163309,0.0115153),(0.0020222,0.0163309,0.0115186),(0.0010340,0.0163309,0.0121281),(0.0020222,0.0163309,0.0115186),(0.0021045,0.0163309,0.0115283),(0.0010340,0.0163309,0.0121281),(0.0021045,0.0163309,0.0115283),(0.0021840,0.0163309,0.0115446),(0.0010340,0.0163309,0.0121281),(0.0021840,0.0163309,0.0115446),(0.0022605,0.0163309,0.0115674),(0.0010340,0.0163309,0.0121281),(0.0022605,0.0163309,0.0115674),(0.0024046,0.0163309,0.0116326),(0.0010340,0.0163309,0.0121281),(0.0024046,0.0163309,0.0116326),(0.0025369,0.0163309,0.0117238),(0.0024946,0.0163309,0.0105459),(0.0012193,0.0163309,0.0105459),(0.0011378,0.0163309,0.0105300),(0.0024946,0.0163309,0.0105459),(0.0011378,0.0163309,0.0105300),(0.0010690,0.0163309,0.0104824),(0.0024946,0.0163309,0.0105459),(0.0010690,0.0163309,0.0104824),(0.0010222,0.0163309,0.0104131),(0.0024946,0.0163309,0.0105459),(0.0010222,0.0163309,0.0104131),(0.0010066,0.0163309,0.0103321),(0.0024946,0.0163309,0.0105459),(0.0010066,0.0163309,0.0103321),(0.0010222,0.0163309,0.0102514),(0.0024946,0.0163309,0.0105459),(0.0010222,0.0163309,0.0102514),(0.0010690,0.0163309,0.0101829),(0.0024946,0.0163309,0.0105459),(0.0010690,0.0163309,0.0101829),(0.0011378,0.0163309,0.0101352),(0.0024946,0.0163309,0.0105459),(0.0011378,0.0163309,0.0101352),(0.0012193,0.0163309,0.0101194),(0.0024946,0.0163309,0.0105459),(0.0012193,0.0163309,0.0101194),(0.0026915,0.0163309,0.0101194),(0.0025369,0.0163309,0.0117238),(0.0024946,0.0163309,0.0105459),(0.0026915,0.0163309,0.0101194),(0.0025369,0.0163309,0.0117238),(0.0026915,0.0163309,0.0101194),(0.0027719,0.0163309,0.0101334),(0.0025369,0.0163309,0.0117238),(0.0027719,0.0163309,0.0101334),(0.0028417,0.0163309,0.0101755),(0.0025369,0.0163309,0.0117238),(0.0028417,0.0163309,0.0101755),(0.0028894,0.0163309,0.0102405),(0.0025369,0.0163309,0.0117238),(0.0028894,0.0163309,0.0102405),(0.0029052,0.0163309,0.0103194),(0.0025369,0.0163309,0.0117238),(0.0029052,0.0163309,0.0103194),(0.0029857,0.0163309,0.0123842),(0.0025369,0.0163309,0.0117238),(0.0029857,0.0163309,0.0123842),(0.0029724,0.0163309,0.0124636),(0.0025369,0.0163309,0.0117238),(0.0029724,0.0163309,0.0124636),(0.0029328,0.0163309,0.0125345),(0.0025369,0.0163309,0.0117238),(0.0029328,0.0163309,0.0125345),(0.0028677,0.0163309,0.0125885),(0.0025369,0.0163309,0.0117238),(0.0028677,0.0163309,0.0125885),(0.0027846,0.0163309,0.0126065),(0.0025369,0.0163309,0.0117238),(0.0027846,0.0163309,0.0126065),(0.0027034,0.0163309,0.0125930),(0.0025369,0.0163309,0.0117238),(0.0027034,0.0163309,0.0125930),(0.0026311,0.0163309,0.0125525),(0.0025369,0.0163309,0.0117238),(0.0026311,0.0163309,0.0125525),(0.0025687,0.0163309,0.0124509),(0.0025369,0.0163309,0.0117238),(0.0025687,0.0163309,0.0124509),(0.0025347,0.0163309,0.0123657),(0.0025369,0.0163309,0.0117238),(0.0025347,0.0163309,0.0123657),(0.0024856,0.0163309,0.0122818),(0.0025369,0.0163309,0.0117238),(0.0024856,0.0163309,0.0122818),(0.0024215,0.0163309,0.0121991),(0.0025369,0.0163309,0.0117238),(0.0024215,0.0163309,0.0121991),(0.0023422,0.0163309,0.0121175),(0.0025369,0.0163309,0.0117238),(0.0023422,0.0163309,0.0121175),(0.0022466,0.0163309,0.0120397),(0.0025369,0.0163309,0.0117238),(0.0022466,0.0163309,0.0120397),(0.0021472,0.0163309,0.0119842),(0.0025369,0.0163309,0.0117238),(0.0021472,0.0163309,0.0119842),(0.0020440,0.0163309,0.0119508),(0.0025369,0.0163309,0.0117238),(0.0020440,0.0163309,0.0119508),(0.0019369,0.0163309,0.0119397),(0.0025369,0.0163309,0.0117238),(0.0019369,0.0163309,0.0119397),(0.0018304,0.0163309,0.0119508),(0.0010340,0.0163309,0.0121281),(0.0025369,0.0163309,0.0117238),(0.0018304,0.0163309,0.0119508),(0.0010340,0.0163309,0.0121281),(0.0018304,0.0163309,0.0119508),(0.0017278,0.0163309,0.0119842),(0.0010340,0.0163309,0.0121281),(0.0017278,0.0163309,0.0119842),(0.0016293,0.0163309,0.0120397),(0.0010340,0.0163309,0.0121281),(0.0016293,0.0163309,0.0120397),(0.0015347,0.0163309,0.0121175),(0.0010340,0.0163309,0.0121281),(0.0015347,0.0163309,0.0121175),(0.0014444,0.0163309,0.0122461),(0.0010340,0.0163309,0.0121281),(0.0014444,0.0163309,0.0122461),(0.0014089,0.0163309,0.0123322),(0.0010340,0.0163309,0.0121281),(0.0014089,0.0163309,0.0123322),(0.0013799,0.0163309,0.0124329),(0.0010340,0.0163309,0.0121281),(0.0013799,0.0163309,0.0124329),(0.0013573,0.0163309,0.0125481),(0.0010340,0.0163309,0.0121281),(0.0013573,0.0163309,0.0125481),(0.0013412,0.0163309,0.0126779),(0.0010340,0.0163309,0.0121281),(0.0013412,0.0163309,0.0126779),(0.0013315,0.0163309,0.0128222),(0.0010340,0.0163309,0.0121281),(0.0013315,0.0163309,0.0128222),(0.0013283,0.0163309,0.0129811),(0.0010340,0.0163309,0.0121281),(0.0013283,0.0163309,0.0129811),(0.0013318,0.0163309,0.0130725),(0.0010340,0.0163309,0.0121281),(0.0013318,0.0163309,0.0130725),(0.0013421,0.0163309,0.0131590),(0.0010340,0.0163309,0.0121281),(0.0013421,0.0163309,0.0131590),(0.0013593,0.0163309,0.0132406),(0.0015696,0.0163309,0.0140963),(0.0010340,0.0163309,0.0121281),(0.0013593,0.0163309,0.0132406),(0.0015696,0.0163309,0.0140963),(0.0013593,0.0163309,0.0132406),(0.0013834,0.0163309,0.0133171),(0.0015696,0.0163309,0.0140963),(0.0013834,0.0163309,0.0133171),(0.0014522,0.0163309,0.0134554),(0.0015696,0.0163309,0.0140963),(0.0014522,0.0163309,0.0134554),(0.0015485,0.0163309,0.0135738),(0.0015696,0.0163309,0.0140963),(0.0015485,0.0163309,0.0135738),(0.0016397,0.0163309,0.0136497),(0.0015696,0.0163309,0.0140963),(0.0016397,0.0163309,0.0136497),(0.0017358,0.0163309,0.0137039),(0.0015696,0.0163309,0.0140963),(0.0017358,0.0163309,0.0137039),(0.0018366,0.0163309,0.0137365),(0.0015696,0.0163309,0.0140963),(0.0018366,0.0163309,0.0137365),(0.0019422,0.0163309,0.0137473),(0.0015696,0.0163309,0.0140963),(0.0019422,0.0163309,0.0137473),(0.0020448,0.0163309,0.0137361),(0.0015696,0.0163309,0.0140963),(0.0020448,0.0163309,0.0137361),(0.0021472,0.0163309,0.0137024),(0.0015696,0.0163309,0.0140963),(0.0021472,0.0163309,0.0137024),(0.0022495,0.0163309,0.0136461),(0.0029465,0.0163309,0.0132520),(0.0015696,0.0163309,0.0140963),(0.0022495,0.0163309,0.0136461),(0.0029465,0.0163309,0.0132520),(0.0022495,0.0163309,0.0136461),(0.0023517,0.0163309,0.0135674),(0.0029465,0.0163309,0.0132520),(0.0023517,0.0163309,0.0135674),(0.0024539,0.0163309,0.0134245),(0.0029465,0.0163309,0.0132520),(0.0024539,0.0163309,0.0134245),(0.0024934,0.0163309,0.0133245),(0.0029465,0.0163309,0.0132520),(0.0024934,0.0163309,0.0133245),(0.0025253,0.0163309,0.0132055),(0.0029465,0.0163309,0.0132520),(0.0025253,0.0163309,0.0132055),(0.0025694,0.0163309,0.0131328),(0.0029465,0.0163309,0.0132520),(0.0025694,0.0163309,0.0131328),(0.0026179,0.0163309,0.0130808),(0.0029465,0.0163309,0.0132520),(0.0026179,0.0163309,0.0130808),(0.0027285,0.0163309,0.0130393),(0.0029465,0.0163309,0.0132520),(0.0027285,0.0163309,0.0130393),(0.0027359,0.0163309,0.0130393),(0.0029465,0.0163309,0.0132520),(0.0027359,0.0163309,0.0130393),(0.0028098,0.0163309,0.0130550),(0.0029465,0.0163309,0.0132520),(0.0028098,0.0163309,0.0130550),(0.0028695,0.0163309,0.0130957),(0.0056559,0.0163309,0.0132520),(0.0056537,0.0163309,0.0133007),(0.0056298,0.0163309,0.0133928),(0.0056559,0.0163309,0.0132520),(0.0056298,0.0163309,0.0133928),(0.0056019,0.0163309,0.0134791),(0.0056559,0.0163309,0.0132520),(0.0056019,0.0163309,0.0134791),(0.0055701,0.0163309,0.0135596),(0.0056559,0.0163309,0.0132520),(0.0055701,0.0163309,0.0135596),(0.0055344,0.0163309,0.0136344),(0.0056559,0.0163309,0.0132520),(0.0055344,0.0163309,0.0136344),(0.0054947,0.0163309,0.0137033),(0.0056559,0.0163309,0.0132520),(0.0054947,0.0163309,0.0137033),(0.0054511,0.0163309,0.0137665),(0.0056559,0.0163309,0.0132520),(0.0054511,0.0163309,0.0137665),(0.0053521,0.0163309,0.0138754),(0.0056559,0.0163309,0.0132520),(0.0053521,0.0163309,0.0138754),(0.0052711,0.0163309,0.0139448),(0.0056559,0.0163309,0.0132520),(0.0052711,0.0163309,0.0139448),(0.0051880,0.0163309,0.0140050),(0.0056559,0.0163309,0.0132520),(0.0051880,0.0163309,0.0140050),(0.0051027,0.0163309,0.0140560),(0.0056559,0.0163309,0.0132520),(0.0051027,0.0163309,0.0140560),(0.0050153,0.0163309,0.0140976),(0.0056559,0.0163309,0.0132520),(0.0050153,0.0163309,0.0140976),(0.0049257,0.0163309,0.0141301),(0.0056559,0.0163309,0.0132520),(0.0049257,0.0163309,0.0141301),(0.0048340,0.0163309,0.0141532),(0.0056559,0.0163309,0.0132520),(0.0048340,0.0163309,0.0141532),(0.0047401,0.0163309,0.0141671),(0.0056559,0.0163309,0.0132520),(0.0047401,0.0163309,0.0141671),(0.0046441,0.0163309,0.0141717),(0.0056559,0.0163309,0.0132520),(0.0046441,0.0163309,0.0141717),(0.0045488,0.0163309,0.0141670),(0.0056559,0.0163309,0.0132520),(0.0045488,0.0163309,0.0141670),(0.0044562,0.0163309,0.0141529),(0.0056559,0.0163309,0.0132520),(0.0044562,0.0163309,0.0141529),(0.0043663,0.0163309,0.0141293),(0.0056559,0.0163309,0.0132520),(0.0043663,0.0163309,0.0141293),(0.0042790,0.0163309,0.0140963),(0.0042790,0.0163309,0.0140963),(0.0041943,0.0163309,0.0140539),(0.0041123,0.0163309,0.0140021),(0.0042790,0.0163309,0.0140963),(0.0041123,0.0163309,0.0140021),(0.0040329,0.0163309,0.0139408),(0.0042790,0.0163309,0.0140963),(0.0040329,0.0163309,0.0139408),(0.0039562,0.0163309,0.0138701),(0.0042790,0.0163309,0.0140963),(0.0039562,0.0163309,0.0138701),(0.0038760,0.0163309,0.0137819),(0.0042790,0.0163309,0.0140963),(0.0038760,0.0163309,0.0137819),(0.0038066,0.0163309,0.0136870),(0.0042790,0.0163309,0.0140963),(0.0038066,0.0163309,0.0136870),(0.0037479,0.0163309,0.0135855),(0.0042790,0.0163309,0.0140963),(0.0037479,0.0163309,0.0135855),(0.0036998,0.0163309,0.0134775),(0.0042790,0.0163309,0.0140963),(0.0036998,0.0163309,0.0134775),(0.0036624,0.0163309,0.0133628),(0.0042790,0.0163309,0.0140963),(0.0036624,0.0163309,0.0133628),(0.0036357,0.0163309,0.0132415),(0.0042790,0.0163309,0.0140963),(0.0036357,0.0163309,0.0132415),(0.0036197,0.0163309,0.0131135),(0.0042790,0.0163309,0.0140963),(0.0036197,0.0163309,0.0131135),(0.0036143,0.0163309,0.0129790),(0.0042790,0.0163309,0.0140963),(0.0036143,0.0163309,0.0129790),(0.0036156,0.0163309,0.0128757),(0.0042790,0.0163309,0.0140963),(0.0036156,0.0163309,0.0128757),(0.0036195,0.0163309,0.0127765),(0.0042790,0.0163309,0.0140963),(0.0036195,0.0163309,0.0127765),(0.0036259,0.0163309,0.0126813),(0.0042790,0.0163309,0.0140963),(0.0036259,0.0163309,0.0126813),(0.0036350,0.0163309,0.0125901),(0.0042790,0.0163309,0.0140963),(0.0036350,0.0163309,0.0125901),(0.0036466,0.0163309,0.0125030),(0.0042790,0.0163309,0.0140963),(0.0036466,0.0163309,0.0125030),(0.0036608,0.0163309,0.0124199),(0.0042790,0.0163309,0.0140963),(0.0036608,0.0163309,0.0124199),(0.0036775,0.0163309,0.0123409),(0.0042790,0.0163309,0.0140963),(0.0036775,0.0163309,0.0123409),(0.0036969,0.0163309,0.0122659),(0.0042790,0.0163309,0.0140963),(0.0036969,0.0163309,0.0122659),(0.0037433,0.0163309,0.0121281),(0.0037433,0.0163309,0.0121281),(0.0038001,0.0163309,0.0120064),(0.0038671,0.0163309,0.0119010),(0.0037433,0.0163309,0.0121281),(0.0038671,0.0163309,0.0119010),(0.0039445,0.0163309,0.0118116),(0.0037433,0.0163309,0.0121281),(0.0039445,0.0163309,0.0118116),(0.0040240,0.0163309,0.0117422),(0.0037433,0.0163309,0.0121281),(0.0040240,0.0163309,0.0117422),(0.0041059,0.0163309,0.0116820),(0.0037433,0.0163309,0.0121281),(0.0041059,0.0163309,0.0116820),(0.0041900,0.0163309,0.0116311),(0.0037433,0.0163309,0.0121281),(0.0041900,0.0163309,0.0116311),(0.0042766,0.0163309,0.0115894),(0.0037433,0.0163309,0.0121281),(0.0042766,0.0163309,0.0115894),(0.0043655,0.0163309,0.0115570),(0.0037433,0.0163309,0.0121281),(0.0043655,0.0163309,0.0115570),(0.0044567,0.0163309,0.0115338),(0.0037433,0.0163309,0.0121281),(0.0044567,0.0163309,0.0115338),(0.0045503,0.0163309,0.0115199),(0.0037433,0.0163309,0.0121281),(0.0045503,0.0163309,0.0115199),(0.0046462,0.0163309,0.0115153),(0.0037433,0.0163309,0.0121281),(0.0046462,0.0163309,0.0115153),(0.0047315,0.0163309,0.0115186),(0.0037433,0.0163309,0.0121281),(0.0047315,0.0163309,0.0115186),(0.0048139,0.0163309,0.0115283),(0.0037433,0.0163309,0.0121281),(0.0048139,0.0163309,0.0115283),(0.0048933,0.0163309,0.0115446),(0.0037433,0.0163309,0.0121281),(0.0048933,0.0163309,0.0115446),(0.0049698,0.0163309,0.0115674),(0.0037433,0.0163309,0.0121281),(0.0049698,0.0163309,0.0115674),(0.0051139,0.0163309,0.0116326),(0.0037433,0.0163309,0.0121281),(0.0051139,0.0163309,0.0116326),(0.0052463,0.0163309,0.0117238),(0.0052039,0.0163309,0.0105459),(0.0039287,0.0163309,0.0105459),(0.0038472,0.0163309,0.0105300),(0.0052039,0.0163309,0.0105459),(0.0038472,0.0163309,0.0105300),(0.0037784,0.0163309,0.0104824),(0.0052039,0.0163309,0.0105459),(0.0037784,0.0163309,0.0104824),(0.0037315,0.0163309,0.0104131),(0.0052039,0.0163309,0.0105459),(0.0037315,0.0163309,0.0104131),(0.0037159,0.0163309,0.0103321),(0.0052039,0.0163309,0.0105459),(0.0037159,0.0163309,0.0103321),(0.0037315,0.0163309,0.0102514),(0.0052039,0.0163309,0.0105459),(0.0037315,0.0163309,0.0102514),(0.0037784,0.0163309,0.0101829),(0.0052039,0.0163309,0.0105459),(0.0037784,0.0163309,0.0101829),(0.0038472,0.0163309,0.0101352),(0.0052039,0.0163309,0.0105459),(0.0038472,0.0163309,0.0101352),(0.0039287,0.0163309,0.0101194),(0.0052039,0.0163309,0.0105459),(0.0039287,0.0163309,0.0101194),(0.0054008,0.0163309,0.0101194),(0.0052463,0.0163309,0.0117238),(0.0052039,0.0163309,0.0105459),(0.0054008,0.0163309,0.0101194),(0.0052463,0.0163309,0.0117238),(0.0054008,0.0163309,0.0101194),(0.0054812,0.0163309,0.0101334),(0.0052463,0.0163309,0.0117238),(0.0054812,0.0163309,0.0101334),(0.0055511,0.0163309,0.0101755),(0.0052463,0.0163309,0.0117238),(0.0055511,0.0163309,0.0101755),(0.0055987,0.0163309,0.0102405),(0.0052463,0.0163309,0.0117238),(0.0055987,0.0163309,0.0102405),(0.0056146,0.0163309,0.0103194),(0.0052463,0.0163309,0.0117238),(0.0056146,0.0163309,0.0103194),(0.0056950,0.0163309,0.0123842),(0.0052463,0.0163309,0.0117238),(0.0056950,0.0163309,0.0123842),(0.0056818,0.0163309,0.0124636),(0.0052463,0.0163309,0.0117238),(0.0056818,0.0163309,0.0124636),(0.0056421,0.0163309,0.0125345),(0.0052463,0.0163309,0.0117238),(0.0056421,0.0163309,0.0125345),(0.0055770,0.0163309,0.0125885),(0.0052463,0.0163309,0.0117238),(0.0055770,0.0163309,0.0125885),(0.0054939,0.0163309,0.0126065),(0.0052463,0.0163309,0.0117238),(0.0054939,0.0163309,0.0126065),(0.0054127,0.0163309,0.0125930),(0.0052463,0.0163309,0.0117238),(0.0054127,0.0163309,0.0125930),(0.0053405,0.0163309,0.0125525),(0.0052463,0.0163309,0.0117238),(0.0053405,0.0163309,0.0125525),(0.0052780,0.0163309,0.0124509),(0.0052463,0.0163309,0.0117238),(0.0052780,0.0163309,0.0124509),(0.0052440,0.0163309,0.0123657),(0.0052463,0.0163309,0.0117238),(0.0052440,0.0163309,0.0123657),(0.0051949,0.0163309,0.0122818),(0.0052463,0.0163309,0.0117238),(0.0051949,0.0163309,0.0122818),(0.0051308,0.0163309,0.0121991),(0.0052463,0.0163309,0.0117238),(0.0051308,0.0163309,0.0121991),(0.0050515,0.0163309,0.0121175),(0.0052463,0.0163309,0.0117238),(0.0050515,0.0163309,0.0121175),(0.0049560,0.0163309,0.0120397),(0.0052463,0.0163309,0.0117238),(0.0049560,0.0163309,0.0120397),(0.0048565,0.0163309,0.0119842),(0.0052463,0.0163309,0.0117238),(0.0048565,0.0163309,0.0119842),(0.0047533,0.0163309,0.0119508),(0.0052463,0.0163309,0.0117238),(0.0047533,0.0163309,0.0119508),(0.0046462,0.0163309,0.0119397),(0.0052463,0.0163309,0.0117238),(0.0046462,0.0163309,0.0119397),(0.0045397,0.0163309,0.0119508),(0.0037433,0.0163309,0.0121281),(0.0052463,0.0163309,0.0117238),(0.0045397,0.0163309,0.0119508),(0.0037433,0.0163309,0.0121281),(0.0045397,0.0163309,0.0119508),(0.0044372,0.0163309,0.0119842),(0.0037433,0.0163309,0.0121281),(0.0044372,0.0163309,0.0119842),(0.0043386,0.0163309,0.0120397),(0.0037433,0.0163309,0.0121281),(0.0043386,0.0163309,0.0120397),(0.0042440,0.0163309,0.0121175),(0.0037433,0.0163309,0.0121281),(0.0042440,0.0163309,0.0121175),(0.0041537,0.0163309,0.0122461),(0.0037433,0.0163309,0.0121281),(0.0041537,0.0163309,0.0122461),(0.0041183,0.0163309,0.0123322),(0.0037433,0.0163309,0.0121281),(0.0041183,0.0163309,0.0123322),(0.0040893,0.0163309,0.0124329),(0.0037433,0.0163309,0.0121281),(0.0040893,0.0163309,0.0124329),(0.0040667,0.0163309,0.0125481),(0.0037433,0.0163309,0.0121281),(0.0040667,0.0163309,0.0125481),(0.0040506,0.0163309,0.0126779),(0.0037433,0.0163309,0.0121281),(0.0040506,0.0163309,0.0126779),(0.0040409,0.0163309,0.0128222),(0.0037433,0.0163309,0.0121281),(0.0040409,0.0163309,0.0128222),(0.0040377,0.0163309,0.0129811),(0.0037433,0.0163309,0.0121281),(0.0040377,0.0163309,0.0129811),(0.0040411,0.0163309,0.0130725),(0.0037433,0.0163309,0.0121281),(0.0040411,0.0163309,0.0130725),(0.0040514,0.0163309,0.0131590),(0.0037433,0.0163309,0.0121281),(0.0040514,0.0163309,0.0131590),(0.0040686,0.0163309,0.0132406),(0.0042790,0.0163309,0.0140963),(0.0037433,0.0163309,0.0121281),(0.0040686,0.0163309,0.0132406),(0.0042790,0.0163309,0.0140963),(0.0040686,0.0163309,0.0132406),(0.0040927,0.0163309,0.0133171),(0.0042790,0.0163309,0.0140963),(0.0040927,0.0163309,0.0133171),(0.0041615,0.0163309,0.0134554),(0.0042790,0.0163309,0.0140963),(0.0041615,0.0163309,0.0134554),(0.0042578,0.0163309,0.0135738),(0.0042790,0.0163309,0.0140963),(0.0042578,0.0163309,0.0135738),(0.0043491,0.0163309,0.0136497),(0.0042790,0.0163309,0.0140963),(0.0043491,0.0163309,0.0136497),(0.0044451,0.0163309,0.0137039),(0.0042790,0.0163309,0.0140963),(0.0044451,0.0163309,0.0137039),(0.0045459,0.0163309,0.0137365),(0.0042790,0.0163309,0.0140963),(0.0045459,0.0163309,0.0137365),(0.0046515,0.0163309,0.0137473),(0.0042790,0.0163309,0.0140963),(0.0046515,0.0163309,0.0137473),(0.0047541,0.0163309,0.0137361),(0.0042790,0.0163309,0.0140963),(0.0047541,0.0163309,0.0137361),(0.0048565,0.0163309,0.0137024),(0.0042790,0.0163309,0.0140963),(0.0048565,0.0163309,0.0137024),(0.0049589,0.0163309,0.0136461),(0.0056559,0.0163309,0.0132520),(0.0042790,0.0163309,0.0140963),(0.0049589,0.0163309,0.0136461),(0.0056559,0.0163309,0.0132520),(0.0049589,0.0163309,0.0136461),(0.0050611,0.0163309,0.0135674),(0.0056559,0.0163309,0.0132520),(0.0050611,0.0163309,0.0135674),(0.0051632,0.0163309,0.0134245),(0.0056559,0.0163309,0.0132520),(0.0051632,0.0163309,0.0134245),(0.0052028,0.0163309,0.0133245),(0.0056559,0.0163309,0.0132520),(0.0052028,0.0163309,0.0133245),(0.0052346,0.0163309,0.0132055),(0.0056559,0.0163309,0.0132520),(0.0052346,0.0163309,0.0132055),(0.0052787,0.0163309,0.0131328),(0.0056559,0.0163309,0.0132520),(0.0052787,0.0163309,0.0131328),(0.0053272,0.0163309,0.0130808),(0.0056559,0.0163309,0.0132520),(0.0053272,0.0163309,0.0130808),(0.0054378,0.0163309,0.0130393),(0.0056559,0.0163309,0.0132520),(0.0054378,0.0163309,0.0130393),(0.0054452,0.0163309,0.0130393),(0.0056559,0.0163309,0.0132520),(0.0054452,0.0163309,0.0130393),(0.0055191,0.0163309,0.0130550),(0.0056559,0.0163309,0.0132520),(0.0055191,0.0163309,0.0130550),(0.0055789,0.0163309,0.0130957)));
#3729=COMPLEX_TRIANGULATED_SURFACE_SET('surface set',#3728,738,(),(),(),((1,2,3),(4,5,6),(7,8,9),(10,11,12),(13,14,15),(16,17,18),(19,20,21),(22,23,24),(25,26,27),(28,29,30),(31,32,33),(34,35,36),(37,38,39),(40,41,42),(43,44,45),(46,47,48),(49,50,51),(52,53,54),(55,56,57),(58,59,60),(61,62,63),(64,65,66),(67,68,69),(70,71,72),(73,74,75),(76,77,78),(79,80,81),(82,83,84),(85,86,87),(88,89,90),(91,92,93),(94,95,96),(97,98,99),(100,101,102),(103,104,105),(106,107,108),(109,110,111),(112,113,114),(115,116,117),(118,119,120),(121,122,123),(124,125,126),(127,128,129),(130,131,132),(133,134,135),(136,137,138),(139,140,141),(142,143,144),(145,146,147),(148,149,150),(151,152,153),(154,155,156),(157,158,159),(160,161,162),(163,164,165),(166,167,168),(169,170,171),(172,173,174),(175,176,177),(178,179,180),(181,182,183),(184,185,186),(187,188,189),(190,191,192),(193,194,195),(196,197,198),(199,200,201),(202,203,204),(205,206,207),(208,209,210),(211,212,213),(214,215,216),(217,218,219),(220,221,222),(223,224,225),(226,227,228),(229,230,231),(232,233,234),(235,236,237),(238,239,240),(241,242,243),(244,245,246),(247,248,249),(250,251,252),(253,254,255),(256,257,258),(259,260,261),(262,263,264),(265,266,267),(268,269,270),(271,272,273),(274,275,276),(277,278,279),(280,281,282),(283,284,285),(286,287,288),(289,290,291),(292,293,294),(295,296,297),(298,299,300),(301,302,303),(304,305,306),(307,308,309),(310,311,312),(313,314,315),(316,317,318),(319,320,321),(322,323,324),(325,326,327),(328,329,330),(331,332,333),(334,335,336),(337,338,339),(340,341,342),(343,344,345),(346,347,348),(349,350,351),(352,353,354),(355,356,357),(358,359,360),(361,362,363),(364,365,366),(367,368,369),(370,371,372),(373,374,375),(376,377,378),(379,380,381),(382,383,384),(385,386,387),(388,389,390),(391,392,393),(394,395,396),(397,398,399),(400,401,402),(403,404,405),(406,407,408),(409,410,411),(412,413,414),(415,416,417),(418,419,420),(421,422,423),(424,425,426),(427,428,429),(430,431,432),(433,434,435),(436,437,438),(439,440,441),(442,443,444),(445,446,447),(448,449,450),(451,452,453),(454,455,456),(457,458,459),(460,461,462),(463,464,465),(466,467,468),(469,470,471),(472,473,474),(475,476,477),(478,479,480),(481,482,483),(484,485,486),(487,488,489),(490,491,492),(493,494,495),(496,497,498),(499,500,501),(502,503,504),(505,506,507),(508,509,510),(511,512,513),(514,515,516),(517,518,519),(520,521,522),(523,524,525),(526,527,528),(529,530,531),(532,533,534),(535,536,537),(538,539,540),(541,542,543),(544,545,546),(547,548,549),(550,551,552),(553,554,555),(556,557,558),(559,560,561),(562,563,564),(565,566,567),(568,569,570),(571,572,573),(574,575,576),(577,578,579),(580,581,582),(583,584,585),(586,587,588),(589,590,591),(592,593,594),(595,596,597),(598,599,600),(601,602,603),(604,605,606),(607,608,609),(610,611,612),(613,614,615),(616,617,618),(619,620,621),(622,623,624),(625,626,627),(628,629,630),(631,632,633),(634,635,636),(637,638,639),(640,641,642),(643,644,645),(646,647,648),(649,650,651),(652,653,654),(655,656,657),(658,659,660),(661,662,663),(664,665,666),(667,668,669),(670,671,672),(673,674,675),(676,677,678),(679,680,681),(682,683,684),(685,686,687),(688,689,690),(691,692,693),(694,695,696),(697,698,699),(700,701,702),(703,704,705),(706,707,708),(709,710,711),(712,713,714),(715,716,717),(718,719,720),(721,722,723),(724,725,726),(727,728,729),(730,731,732),(733,734,735),(736,737,738)));
#3730=TESSELLATED_GEOMETRIC_SET('linear dimension',(#3729));
#3731=COORDINATES_LIST('coordinates',8,((0.0308000,0.0163309,0.0121541),(0.0308000,0.0163309,0.0121455),(-0.0242000,0.0163309,0.0121541),(-0.0242000,0.0163309,0.0121455),(0.0308000,0.0163309,0.0121455),(0.0066950,0.0163309,0.0121455),(-0.0000950,0.0163309,0.0121455),(-0.0242000,0.0163309,0.0121455)));
#3732=TESSELLATED_CURVE_SET('curve set',#3731,((1,2),(3,4),(5,6),(7,8)));
#3733=TESSELLATED_GEOMETRIC_SET('linear dimension',(#3732));
#3734=TESSELLATED_ANNOTATION_OCCURRENCE('linear dimension',(#3727),#3730);
#3735=TESSELLATED_ANNOTATION_OCCURRENCE('linear dimension',(#3727),#3733);
#3736=DRAUGHTING_CALLOUT('linear dimension',(#3734,#3735));
#3737=DRAUGHTING_MODEL_ITEM_ASSOCIATION('','',#3683,#3723,#3736);
#3738=DRAUGHTING_MODEL_ITEM_ASSOCIATION('','',#3690,#3723,#3736);
#3739=DRAUGHTING_MODEL_ITEM_ASSOCIATION('','',#3697,#3723,#3736);
ENDSEC;
END-ISO-10303-21;
